tarih,s1,s2,s3,s4,s5,s6,s7,s8,s9,s10,s11,s12,s13,s14,s15,s16,s17,s18,s19,s20,s21,s22
2007-01-01,2,4,12,14,16,17,21,22,27,29,31,32,36,39,44,59,62,64,69,73,74,75
2007-01-04,3,6,8,9,12,13,14,20,30,32,36,39,40,42,45,47,51,56,58,60,67,73
2007-01-08,3,6,12,15,18,19,20,26,28,29,31,40,42,44,46,52,54,56,57,60,78,79
2007-01-11,3,10,19,21,24,25,37,39,41,43,44,45,48,52,59,60,62,67,70,73,74,80
2007-01-15,7,10,14,15,23,25,27,30,32,36,40,42,43,44,46,48,49,51,55,68,74,77
2007-01-18,12,14,16,30,31,34,38,40,46,49,51,54,57,59,61,68,69,71,72,75,79,80
2007-01-22,4,8,10,12,13,14,22,24,26,31,35,36,37,40,47,54,64,65,66,71,73,80
2007-01-25,4,5,6,8,12,13,17,28,32,35,38,41,45,49,53,55,62,63,67,68,72,73
2007-01-29,6,10,12,18,20,23,29,35,39,41,43,44,47,48,51,52,60,63,66,68,71,72
2007-02-01,1,12,13,15,18,20,25,30,36,37,40,46,47,48,53,54,58,71,72,73,74,79
2007-02-05,3,4,12,14,15,17,20,21,25,26,29,30,31,41,42,46,49,51,54,62,64,66
2007-02-08,3,7,12,14,16,17,20,24,25,31,33,34,35,36,37,49,54,57,60,63,72,76
2007-02-12,2,3,7,8,19,23,24,25,27,28,49,53,54,57,59,65,66,68,70,74,76,77
2007-02-15,10,11,14,15,24,27,30,31,34,38,39,49,51,56,61,65,67,69,70,72,73,79
2007-02-19,4,9,10,12,13,14,21,30,31,36,37,39,47,60,61,62,63,66,68,69,76,80
2007-02-22,1,8,14,16,21,22,24,25,33,35,36,43,45,48,49,56,57,59,66,67,74,80
2007-02-26,1,2,7,9,15,17,19,20,26,30,35,44,45,49,54,58,60,64,71,72,73,78
2007-03-01,1,9,20,26,28,30,31,34,35,37,42,47,50,52,55,57,60,65,67,70,73,79
2007-03-05,1,3,6,10,12,20,21,27,28,29,32,33,39,44,52,53,55,59,66,69,76,78
2007-03-08,2,7,9,10,11,15,22,25,30,38,40,43,45,47,49,60,62,63,65,75,78,80
2007-03-12,2,11,12,17,18,22,26,28,30,37,38,41,46,47,51,54,56,62,72,73,77,79
2007-03-15,2,12,14,15,18,27,29,31,35,44,48,51,54,56,66,68,70,72,77,78,79,80
2007-03-19,2,6,12,14,17,25,27,38,41,44,47,49,57,58,63,66,68,70,73,74,75,79
2007-03-22,7,16,17,22,23,25,31,34,35,38,44,47,49,51,55,57,66,68,69,70,78,79
2007-03-26,2,4,12,18,19,20,25,35,38,46,47,48,49,52,55,57,59,60,64,65,69,79
2007-03-29,2,10,13,16,20,25,26,28,35,43,45,47,52,54,58,61,63,64,65,68,70,79
2007-04-02,5,7,12,16,19,20,21,22,25,36,40,46,47,52,53,54,66,68,69,73,77,80
2007-04-05,5,8,17,19,20,21,24,28,29,36,42,45,49,53,55,59,63,64,67,74,75,79
2007-04-09,1,3,11,17,23,24,25,28,33,34,42,44,49,51,52,56,64,68,72,74,77,78
2007-04-12,2,7,13,14,17,21,22,24,28,32,36,38,39,40,43,47,50,55,60,71,72,80
2007-04-16,2,4,7,14,20,25,26,27,31,33,35,36,39,40,42,43,44,48,59,60,77,79
2007-04-19,3,4,21,24,27,30,32,33,35,36,40,44,47,50,53,58,63,65,68,69,71,75
2007-04-23,2,3,6,7,13,15,26,34,35,36,39,40,42,43,44,45,62,66,69,70,77,80
2007-04-26,1,3,8,17,22,25,31,35,38,42,43,44,46,50,53,54,56,57,64,67,70,77
2007-04-30,2,8,13,17,19,25,30,34,35,38,43,44,45,52,54,57,67,70,71,72,78,79
2007-05-03,5,9,19,22,23,24,30,35,36,39,40,42,53,61,62,65,67,69,70,76,79,80
2007-05-07,4,6,13,15,18,22,23,25,26,33,41,45,46,49,52,56,57,61,62,66,69,77
2007-05-10,4,9,10,21,23,27,28,32,36,38,41,43,45,46,47,49,58,59,60,68,72,79
2007-05-14,8,9,16,18,22,25,29,31,32,33,36,37,40,42,43,46,49,54,72,74,77,78
2007-05-17,2,6,8,18,22,23,36,42,44,51,53,54,55,56,62,63,66,67,71,74,77,79
2007-05-21,8,9,10,12,15,16,19,21,25,26,28,31,44,53,54,56,57,61,62,68,69,75
2007-05-24,2,7,9,21,25,26,27,29,37,38,41,43,53,60,64,68,70,72,73,77,78,80
2007-05-28,3,8,14,16,18,21,23,24,25,26,28,29,33,37,45,50,52,54,58,62,71,73
2007-05-31,2,9,12,14,16,20,22,30,31,37,40,41,47,49,51,53,55,68,69,70,74,78
2007-06-04,5,13,14,16,20,23,25,28,31,32,34,40,41,42,47,48,53,59,61,73,76,79
2007-06-07,3,5,8,10,13,21,27,38,43,45,47,53,56,58,59,63,64,66,72,75,76,77
2007-06-11,2,4,5,9,18,24,25,26,34,35,36,39,41,45,50,52,55,60,61,70,71,77
2007-06-14,3,12,13,14,15,16,17,18,19,25,28,30,32,39,44,46,47,53,58,66,69,76
2007-06-18,1,4,8,10,14,25,31,34,38,39,41,42,44,46,50,53,59,61,62,76,78,80
2007-06-21,1,2,4,9,10,18,22,24,34,35,47,48,55,56,57,60,65,66,68,71,77,79
2007-06-25,1,7,9,12,14,17,20,22,23,32,34,37,42,43,44,52,54,57,61,67,71,73
2007-06-28,2,6,7,8,12,14,19,25,30,31,33,41,43,47,48,49,52,62,63,68,73,77
2007-07-02,1,3,6,7,8,12,13,19,20,21,27,29,38,46,52,53,60,65,68,73,74,80
2007-07-05,1,3,6,9,11,13,14,20,27,30,38,41,42,45,55,56,62,66,71,74,75,78
2007-07-09,1,11,14,23,29,33,34,38,46,48,51,52,53,59,63,65,66,74,76,77,78,79
2007-07-12,1,2,7,9,13,19,22,25,26,30,32,34,45,49,51,57,65,68,69,70,72,78
2007-07-16,10,13,15,18,21,23,34,38,43,45,46,48,55,56,57,58,63,69,71,75,76,79
2007-07-19,2,8,9,12,13,24,39,40,41,42,48,52,53,55,58,59,62,67,71,73,77,79
2007-07-23,1,2,3,16,19,20,21,25,29,36,40,41,42,47,55,56,60,65,67,70,72,74
2007-07-26,4,5,8,12,14,22,23,29,35,36,43,44,45,54,57,61,64,68,70,73,76,80
2007-07-30,2,5,6,12,15,18,20,22,26,27,30,43,46,50,54,60,67,68,69,74,77,78
2007-08-02,3,4,6,8,9,18,22,23,26,30,33,36,39,49,53,54,55,57,66,68,76,80
2007-08-06,1,2,4,6,12,27,28,30,31,32,35,42,53,54,56,58,62,64,68,69,72,79
2007-08-09,1,2,10,18,24,25,26,28,30,34,41,42,43,45,49,50,54,60,65,66,71,80
2007-08-13,3,14,15,18,20,25,26,30,32,40,42,43,44,49,53,55,62,64,68,70,75,77
2007-08-16,1,3,13,14,15,16,17,22,23,25,26,30,47,48,54,56,59,67,68,74,75,76
2007-08-20,4,10,12,14,23,24,34,41,45,46,47,58,64,68,69,71,72,74,75,76,78,79
2007-08-23,5,6,7,8,10,12,24,27,28,31,33,34,40,42,49,55,57,59,68,71,72,79
2007-08-27,2,3,6,13,14,15,20,25,32,33,34,36,44,45,47,51,53,55,56,64,66,73
2007-08-30,1,16,17,18,22,30,31,32,40,42,44,48,49,54,57,58,70,72,74,75,78,79
2007-09-03,2,6,16,25,27,34,35,37,49,53,54,56,58,61,63,64,65,66,67,70,77,78
2007-09-06,4,6,7,8,14,20,22,23,26,31,32,42,43,47,50,51,53,60,61,65,66,79
2007-09-10,8,9,12,14,24,27,30,31,32,36,37,42,45,46,49,52,55,58,66,69,72,80
2007-09-13,2,3,7,14,15,20,28,36,48,49,53,55,56,61,62,66,69,71,74,77,78,79
2007-09-17,14,15,16,17,19,21,23,28,31,35,36,42,47,48,52,53,63,65,69,74,78,79
2007-09-20,1,2,8,19,25,26,29,30,31,34,35,42,45,46,47,51,54,59,61,65,66,70
2007-09-24,1,11,14,17,27,32,38,39,42,43,44,46,49,50,51,52,53,56,59,60,63,70
2007-09-27,3,11,12,14,22,26,28,30,31,33,38,41,44,47,50,51,59,62,64,65,79,80
2007-10-01,7,10,12,15,16,17,18,20,22,32,36,39,45,59,60,61,62,65,71,76,77,79
2007-10-04,21,27,32,36,37,38,43,44,46,47,50,55,60,62,63,64,68,70,71,74,75,76
2007-10-08,2,11,12,15,20,27,28,29,32,34,36,42,46,47,49,52,53,62,70,71,77,78
2007-10-11,1,3,9,12,13,14,15,20,32,36,38,44,48,49,52,60,61,62,71,74,75,78
2007-10-15,3,4,12,14,21,22,27,31,32,35,36,46,51,54,56,58,65,66,67,68,74,80
2007-10-18,8,9,17,18,19,21,29,32,34,36,37,38,47,48,51,52,54,60,66,74,75,76
2007-10-22,1,10,13,18,22,23,25,29,31,36,39,41,42,43,47,51,53,63,64,72,73,79
2007-10-25,2,4,9,12,13,20,26,27,32,37,42,44,46,51,53,54,58,59,65,67,77,79
2007-10-29,4,9,15,17,19,21,29,30,31,36,38,41,45,46,53,54,62,63,66,69,70,79
2007-11-01,1,12,13,17,21,22,23,24,33,34,36,42,49,52,53,56,59,60,61,64,73,78
2007-11-05,12,16,17,20,23,24,28,34,35,36,37,38,41,56,59,64,67,68,70,71,77,79
2007-11-08,3,6,7,17,20,28,35,36,38,41,42,44,47,48,49,54,56,60,63,67,72,75
2007-11-12,1,2,10,15,16,18,19,26,28,29,32,35,42,45,46,47,49,54,64,67,71,79
2007-11-15,2,10,12,17,21,24,26,29,34,40,41,43,44,49,50,51,60,62,63,73,74,79
2007-11-19,1,2,5,10,12,17,18,21,25,28,37,39,44,45,52,53,64,67,75,77,78,80
2007-11-22,5,14,16,17,18,20,22,33,36,40,46,47,48,56,59,60,66,68,73,77,78,79
2007-11-26,6,10,13,15,19,20,21,24,36,37,38,39,41,44,47,49,53,55,56,66,70,79
2007-11-29,3,18,19,24,28,29,36,37,41,42,46,47,51,56,58,62,63,67,68,73,79,80
2007-12-03,2,3,4,8,12,14,15,17,18,21,28,30,32,53,55,61,67,69,71,73,78,80
2007-12-06,4,14,17,18,21,31,33,35,36,39,40,42,43,44,45,49,50,55,56,69,73,78
2007-12-10,3,7,14,15,20,21,28,31,33,35,38,41,44,45,47,50,53,65,67,68,77,79
2007-12-13,4,13,19,20,25,32,34,40,41,42,43,44,48,50,52,53,63,65,71,74,75,79
2007-12-17,1,3,5,12,15,16,18,22,25,30,32,35,37,39,48,58,60,62,63,69,72,77
2007-12-20,1,6,8,11,14,17,18,20,25,35,36,40,46,48,49,50,55,60,65,71,72,74
2007-12-24,7,8,14,15,21,24,28,31,38,39,42,43,52,55,56,66,67,69,70,71,77,79
2007-12-27,13,20,29,32,35,44,46,49,51,52,55,58,59,61,62,64,68,69,71,72,74,76
2007-12-31,3,5,10,12,13,14,23,25,26,27,32,36,44,46,47,50,58,59,70,74,77,78
2008-01-03,1,10,15,16,18,21,24,26,27,31,33,35,36,37,43,47,55,58,60,66,70,77
2008-01-07,1,14,17,20,22,33,34,37,41,43,44,46,47,55,56,58,59,60,61,66,68,74
2008-01-10,1,3,5,6,7,12,14,16,19,22,26,29,35,47,50,54,55,61,69,74,77,78
2008-01-14,11,15,18,21,29,31,33,34,37,40,42,45,46,47,49,53,55,59,61,70,76,78
2008-01-17,2,4,6,8,9,10,16,17,23,25,30,35,36,39,43,50,51,58,63,67,75,77
2008-01-21,1,10,14,22,25,34,37,40,43,44,47,53,57,59,62,65,68,69,75,77,78,80
2008-01-24,4,9,18,20,21,22,31,38,40,41,42,48,49,50,52,53,62,63,71,73,74,79
2008-01-28,3,7,20,24,25,31,33,44,46,47,55,57,58,62,63,65,68,71,72,73,75,80
2008-01-31,1,7,14,18,24,25,30,31,34,36,37,38,41,42,43,48,50,53,56,64,65,74
2008-02-04,4,5,16,18,19,23,25,26,33,47,48,51,53,57,58,61,62,63,66,69,70,73
2008-02-07,2,3,7,8,9,14,23,25,34,42,44,46,47,51,52,55,56,60,71,72,78,80
2008-02-11,2,5,9,10,24,25,26,27,30,34,41,43,44,49,50,52,53,56,62,66,67,74
2008-02-14,10,12,13,15,22,23,32,43,45,46,48,49,53,58,60,61,63,64,65,68,70,77
2008-02-18,2,6,10,13,14,17,18,24,29,34,40,42,45,50,52,53,55,56,60,71,73,79
2008-02-21,8,12,13,19,22,25,26,31,32,33,35,36,43,44,50,51,52,55,57,60,66,72
2008-02-25,14,15,16,18,22,25,30,31,35,38,40,48,49,55,56,57,65,68,71,75,79,80
2008-02-28,7,9,10,13,16,17,20,25,30,34,40,43,44,48,50,52,55,56,58,64,71,80
2008-03-03,5,6,16,22,29,30,32,39,43,44,46,47,52,53,57,63,68,70,71,75,79,80
2008-03-06,1,3,5,10,15,18,19,20,25,26,36,38,44,48,50,56,59,61,66,69,74,75
2008-03-10,3,6,7,9,11,14,16,17,18,21,32,35,36,43,48,62,67,72,73,75,77,80
2008-03-13,2,8,18,24,29,30,31,32,38,44,47,49,55,59,65,66,69,70,75,77,79,80
2008-03-17,1,10,11,12,17,20,22,27,30,35,38,39,46,47,53,59,63,68,70,73,74,78
2008-03-20,1,4,9,16,17,18,19,20,28,31,33,47,48,54,57,59,60,62,63,74,78,79
2008-03-24,3,5,12,13,15,21,22,23,25,28,32,36,56,58,60,62,64,66,68,73,74,76
2008-03-27,2,3,6,8,14,16,18,23,25,28,36,37,47,49,53,63,69,70,73,76,77,78
2008-03-31,2,18,20,21,23,29,34,36,38,40,47,48,49,50,52,58,61,69,72,73,74,77
2008-04-03,2,5,7,9,10,21,23,25,27,29,30,35,40,44,54,55,56,57,61,68,73,76
2008-04-07,9,12,18,19,23,24,34,36,41,43,47,49,51,54,56,59,62,63,65,68,69,78
2008-04-10,6,8,12,19,26,33,40,41,45,46,48,49,52,55,56,57,58,61,71,72,74,79
2008-04-14,8,14,17,18,24,29,32,36,43,48,49,52,54,55,57,61,63,66,68,73,78,80
2008-04-17,1,8,9,14,28,33,34,40,44,46,53,54,59,60,65,66,67,69,70,72,74,78
2008-04-21,12,17,19,20,22,23,26,28,30,35,43,46,56,58,60,67,69,71,72,73,77,79
2008-04-24,2,8,12,13,16,17,18,29,32,34,38,42,46,49,54,63,65,66,69,70,71,73
2008-04-28,1,6,8,14,23,25,34,35,36,37,38,40,43,47,49,50,51,53,54,59,67,69
2008-05-01,1,2,8,9,14,23,25,26,28,34,36,39,44,45,46,47,52,57,66,67,79,80
2008-05-05,3,5,9,13,14,21,26,27,28,36,38,40,49,53,56,57,58,61,66,72,75,78
2008-05-08,4,5,7,8,9,13,14,17,18,26,29,35,36,46,49,53,57,59,64,71,74,75
2008-05-12,3,6,8,25,28,29,32,35,37,41,50,52,53,55,57,61,62,63,71,74,77,78
2008-05-15,1,2,5,8,14,15,17,20,21,27,28,34,36,40,41,45,46,59,62,64,68,72
2008-05-19,1,3,6,8,9,12,14,16,19,21,22,24,33,36,42,52,53,56,58,61,66,73
2008-05-22,2,3,4,10,12,25,32,33,34,36,43,44,50,54,55,56,57,68,69,77,78,79
2008-05-26,6,13,14,15,21,22,25,32,34,36,38,39,44,49,50,52,59,69,77,78,79,80
2008-05-29,2,9,15,18,23,31,32,33,34,36,37,40,42,44,45,49,55,59,61,62,67,75
2008-06-02,2,8,17,18,20,21,32,37,38,40,46,47,49,51,52,54,55,57,61,66,70,75
2008-06-05,2,4,8,15,16,20,21,25,38,41,44,48,50,55,56,57,58,65,72,73,78,80
2008-06-09,8,9,15,19,30,31,33,35,36,40,44,47,49,51,55,56,57,60,65,67,68,80
2008-06-12,8,12,18,26,27,29,32,35,38,39,44,46,59,62,63,66,67,69,70,75,77,78
2008-06-16,12,13,15,20,21,24,25,27,29,31,40,41,44,62,63,65,66,68,72,74,75,78
2008-06-19,1,2,5,9,12,13,14,17,21,22,25,39,40,44,55,57,59,61,64,71,73,80
2008-06-23,3,12,13,16,18,28,29,32,42,44,46,47,49,50,52,53,57,61,69,70,71,76
2008-06-26,2,7,11,22,24,26,27,29,43,44,47,48,49,56,57,58,60,66,72,74,78,79
2008-06-30,1,4,12,15,24,26,27,28,29,31,32,33,34,38,41,47,54,55,57,62,68,73
2008-07-03,4,6,8,9,13,16,21,24,26,27,33,37,40,42,43,44,63,64,69,73,78,80
2008-07-07,5,9,16,17,20,21,22,24,26,40,41,45,47,49,53,54,55,63,70,71,73,77
2008-07-10,5,9,24,28,30,33,34,36,42,43,47,48,50,51,53,56,62,67,69,70,77,79
2008-07-14,2,3,9,15,18,25,26,28,30,33,41,47,50,54,55,58,63,70,71,73,79,80
2008-07-17,5,6,10,16,17,19,20,21,22,24,25,32,40,41,45,47,49,53,54,59,70,73
2008-07-21,2,7,8,14,17,20,21,27,30,31,33,34,40,44,49,55,57,61,63,65,68,79
2008-07-24,3,14,17,18,22,23,26,31,34,35,36,37,38,40,46,49,52,63,66,71,75,77
2008-07-28,4,11,12,13,21,22,32,33,34,41,43,44,45,47,48,50,53,59,62,66,72,76
2008-07-31,10,16,20,23,24,26,27,29,34,36,37,39,41,49,52,53,60,62,64,68,78,79
2008-08-04,4,10,12,14,23,25,26,27,36,41,47,48,49,51,55,56,59,65,66,71,76,78
2008-08-07,4,6,9,11,16,22,23,24,31,36,37,38,45,46,47,59,70,72,75,77,79,80
2008-08-11,4,6,15,17,20,22,24,27,33,36,41,44,47,51,52,57,59,62,71,74,78,79
2008-08-14,2,3,5,8,10,15,18,19,31,34,35,43,44,48,49,53,60,61,62,65,66,69
2008-08-18,4,9,12,15,17,23,26,29,35,37,42,46,51,53,54,61,67,70,71,72,75,78
2008-08-21,2,3,9,14,15,17,19,21,22,23,29,32,35,40,43,44,46,55,57,68,70,74
2008-08-25,2,6,9,12,23,27,29,35,36,38,40,44,48,50,53,55,65,70,72,74,78,80
2008-08-28,1,3,4,6,7,12,14,17,29,30,32,47,49,50,53,54,58,67,70,73,79,80
2008-09-01,12,13,16,20,21,28,32,40,47,49,50,52,59,60,62,63,67,68,72,73,76,78
2008-09-04,10,13,14,15,17,22,24,25,27,28,32,34,37,40,41,47,49,63,65,70,72,77
2008-09-08,3,6,7,9,10,21,23,26,33,35,43,44,45,52,53,54,57,61,63,65,72,75
2008-09-11,2,5,8,13,15,16,17,21,25,43,45,50,53,55,56,58,59,60,69,71,74,76
2008-09-15,2,6,8,13,17,27,31,32,33,43,52,53,56,57,63,66,70,71,73,76,77,80
2008-09-18,3,7,9,13,14,17,29,30,33,35,42,43,44,47,50,53,58,67,69,75,77,78
2008-09-22,6,12,14,18,20,25,29,31,36,40,41,44,47,48,50,56,58,67,72,76,78,80
2008-09-25,1,4,8,15,16,21,28,29,32,36,37,44,51,55,57,60,63,64,68,73,79,80
2008-09-29,1,2,3,5,6,9,12,14,21,22,26,31,36,39,42,55,61,62,65,66,67,69
2008-10-02,3,4,6,14,16,17,22,25,26,43,53,54,55,56,62,63,66,69,71,74,76,78
2008-10-06,1,9,12,13,15,16,18,24,28,29,30,34,35,36,41,44,49,54,57,58,66,71
2008-10-09,1,2,8,9,11,16,18,19,20,23,25,26,51,53,57,62,66,67,69,71,74,75
2008-10-13,1,8,17,18,21,22,26,27,29,34,35,43,45,46,47,55,59,60,63,74,77,79
2008-10-16,4,8,18,24,27,34,35,40,41,44,51,55,56,58,60,61,67,69,70,73,75,78
2008-10-20,1,2,8,15,18,20,22,26,31,32,35,36,37,38,42,43,46,47,54,61,68,73
2008-10-23,1,5,12,15,23,27,28,34,35,44,46,50,51,52,56,60,61,63,65,67,69,72
2008-10-27,1,5,8,15,19,25,30,32,36,39,40,42,49,57,59,65,67,71,74,75,76,79
2008-10-30,11,14,16,17,20,21,30,34,36,47,49,52,53,58,59,60,62,65,68,71,72,78
2008-11-03,4,10,15,20,25,27,30,35,37,42,45,46,47,50,51,56,60,65,67,75,77,80
2008-11-06,1,2,4,6,15,22,29,34,36,38,40,42,44,47,48,54,55,62,63,69,74,77
2008-11-10,7,18,20,21,25,26,28,29,41,43,44,46,54,55,57,58,67,68,71,73,74,78
2008-11-13,8,9,12,26,29,31,32,33,36,38,40,43,47,48,51,56,58,60,64,68,71,73
2008-11-17,2,3,8,14,17,18,19,21,24,25,32,41,44,48,49,51,53,56,59,62,65,80
2008-11-20,5,6,10,17,23,24,26,38,39,40,45,55,57,60,65,66,69,71,72,76,77,79
2008-11-24,6,7,13,20,23,26,28,29,31,33,44,48,49,53,55,60,63,67,73,74,77,80
2008-11-27,7,8,10,12,16,27,41,42,44,45,46,48,51,52,53,57,61,63,64,68,69,77
2008-12-01,2,3,18,20,23,31,37,38,42,44,47,48,51,54,56,57,59,66,68,71,73,75
2008-12-04,2,3,7,11,14,19,22,23,27,28,34,39,41,42,44,52,59,66,67,77,78,79
2008-12-08,8,12,14,21,22,23,24,32,40,42,47,49,52,54,64,65,66,68,72,73,75,79
2008-12-11,2,3,18,20,27,28,37,40,43,44,46,53,59,60,62,67,72,75,77,78,79,80
2008-12-15,12,13,14,20,25,26,28,32,33,39,41,43,47,51,52,61,67,69,73,74,75,78
2008-12-18,1,5,9,17,19,21,23,30,34,36,39,40,44,47,52,55,59,66,67,70,72,75
2008-12-22,3,4,8,15,18,19,25,40,44,45,50,53,55,56,57,66,68,73,75,77,79,80
2008-12-25,1,4,6,8,10,11,14,17,19,21,30,38,39,41,46,48,49,61,65,67,76,80
2008-12-29,2,6,9,11,17,19,28,29,31,32,40,42,46,49,56,59,60,62,70,71,75,78
2009-01-01,1,3,6,12,17,20,22,25,26,33,35,36,41,44,46,48,67,68,74,75,76,80
2009-01-05,9,22,24,25,26,29,31,32,40,41,42,45,48,57,66,68,69,70,71,78,79,80
2009-01-08,5,6,8,9,15,17,20,22,33,38,43,49,53,56,57,58,62,64,69,74,79,80
2009-01-12,6,9,19,22,23,24,25,29,37,38,42,43,47,49,56,59,61,68,71,72,74,80
2009-01-15,1,2,5,13,16,17,18,22,23,26,31,33,52,56,57,65,67,68,70,71,75,78
2009-01-19,1,8,10,12,13,16,21,29,30,33,38,42,43,44,48,52,56,61,63,68,78,79
2009-01-22,3,6,12,18,21,26,29,41,44,47,52,54,59,61,63,64,65,66,67,68,69,80
2009-01-26,3,4,6,7,8,14,24,31,34,35,38,45,50,51,61,63,65,66,70,72,74,80
2009-01-29,2,12,15,16,20,22,23,24,31,32,35,36,40,43,45,47,48,49,50,61,68,79
2009-02-02,2,3,4,6,7,9,12,25,32,37,38,40,44,51,55,60,61,70,72,74,78,80
2009-02-05,7,18,20,23,26,28,36,37,41,46,49,54,55,56,60,63,65,66,70,71,75,79
2009-02-09,5,9,14,17,21,29,38,41,45,49,52,53,56,57,59,60,66,73,74,75,76,78
2009-02-12,2,3,15,22,24,27,28,31,34,43,46,48,49,52,53,55,58,61,63,70,73,78
2009-02-16,2,3,10,18,26,27,28,32,33,35,37,47,52,53,56,64,66,72,74,75,78,80
2009-02-19,1,3,22,23,27,29,30,37,42,43,44,47,53,58,64,66,67,70,72,73,77,79
2009-02-23,5,12,14,27,28,41,44,47,49,50,54,58,59,61,65,68,69,72,73,77,78,79
2009-02-26,4,13,14,16,17,18,19,22,26,27,31,32,33,35,39,42,44,55,57,62,78,80
2009-03-02,3,5,7,9,12,13,14,18,19,26,31,34,41,44,46,47,50,52,54,67,72,79
2009-03-05,3,5,8,9,21,23,25,27,32,35,38,42,44,47,51,55,56,62,68,70,72,74
2009-03-09,6,15,18,19,20,31,36,37,40,41,42,45,47,49,55,59,64,65,70,72,75,80
2009-03-12,5,6,11,12,14,15,21,22,24,28,34,35,39,40,51,53,64,65,70,74,79,80
2009-03-16,4,8,9,13,15,18,22,23,31,33,34,35,47,51,52,60,65,66,67,68,74,80
2009-03-19,1,3,6,7,8,12,14,22,23,25,27,30,32,39,42,47,52,58,60,68,77,79
2009-03-23,2,4,7,13,17,19,21,26,28,34,38,50,53,56,58,61,63,66,67,70,78,80
2009-03-26,4,9,13,14,19,20,23,25,28,30,33,35,40,45,47,49,55,56,60,75,77,79
2009-03-30,6,17,18,21,25,36,38,40,44,45,47,49,54,59,62,66,67,68,70,72,73,77
2009-04-02,1,4,5,6,12,14,16,18,21,30,31,33,41,43,44,47,50,55,57,68,79,80
2009-04-06,1,3,5,6,12,15,19,22,25,37,38,44,49,50,56,65,68,70,71,73,74,75
2009-04-09,10,15,17,18,23,25,26,30,39,46,48,49,51,54,60,61,62,66,69,71,73,79
2009-04-13,9,11,16,21,22,27,28,29,38,44,46,47,50,51,58,59,63,67,69,70,72,79
2009-04-16,3,5,8,9,13,15,16,19,27,30,33,35,38,48,58,59,60,61,67,68,71,79
2009-04-20,1,4,7,9,13,15,17,25,38,41,45,50,51,54,66,67,69,70,74,78,79,80
2009-04-23,7,10,14,19,21,28,29,36,38,42,50,53,56,58,65,67,69,70,74,75,77,80
2009-04-27,1,2,15,16,19,21,43,48,49,50,56,58,61,62,63,65,69,72,73,74,76,80
2009-04-30,2,3,6,10,13,15,27,28,29,33,34,37,43,46,47,56,62,68,71,72,79,80
2009-05-04,3,5,6,9,15,18,25,27,29,32,38,40,42,51,56,57,63,68,70,71,77,78
2009-05-07,1,2,3,4,6,9,15,17,18,20,23,27,33,36,40,43,44,58,59,62,77,78
2009-05-11,1,6,7,13,15,21,23,24,31,33,34,36,48,49,51,53,55,56,61,67,71,75
2009-05-14,4,11,29,31,40,42,46,49,50,51,52,55,57,59,60,61,62,65,66,67,68,69
2009-05-18,11,18,20,22,26,32,37,40,43,44,48,49,51,53,60,61,62,65,67,69,70,74
2009-05-21,2,7,22,24,25,29,32,33,38,41,42,45,46,48,50,51,52,53,55,60,66,80
2009-05-25,3,14,15,17,19,27,28,34,37,38,44,45,49,56,59,63,71,73,75,76,77,78
2009-05-28,5,6,10,12,18,25,32,41,42,43,50,52,54,56,57,65,71,73,76,77,78,79
2009-06-01,8,14,17,20,21,22,24,25,26,27,35,37,39,42,49,52,53,55,56,60,62,73
2009-06-04,4,6,14,20,24,26,36,38,40,42,44,47,53,55,57,61,66,71,74,75,78,79
2009-06-08,13,19,20,22,29,30,33,38,42,45,47,52,55,56,59,62,65,66,67,68,69,80
2009-06-11,1,5,13,14,15,16,22,26,29,31,35,38,53,57,60,61,64,65,68,71,73,78
2009-06-15,1,8,11,14,15,17,19,28,30,35,41,42,46,48,49,55,57,63,70,72,75,77
2009-06-18,1,2,3,10,15,20,22,26,40,44,51,53,55,56,58,64,65,70,73,76,77,79
2009-06-22,3,9,13,16,20,27,28,32,34,35,36,42,43,47,49,52,54,56,58,71,75,79
2009-06-25,5,12,18,21,28,32,34,35,43,44,46,47,51,53,55,56,59,62,66,73,77,78
2009-06-29,4,9,20,22,23,25,27,29,34,35,41,43,54,57,60,61,65,66,68,73,74,77
2009-07-02,2,3,6,7,10,15,16,25,35,39,40,49,51,55,57,60,63,64,66,72,77,79
2009-07-06,5,9,17,18,28,31,36,38,40,42,44,45,47,50,51,52,53,55,57,60,66,69
2009-07-09,2,4,7,13,15,20,22,28,35,37,40,41,45,51,53,54,62,64,67,69,72,73
2009-07-13,1,18,27,28,32,35,36,39,43,44,46,49,50,52,58,63,73,74,75,76,78,79
2009-07-16,1,3,4,7,14,16,18,26,38,40,42,47,48,52,53,54,62,63,65,69,77,78
2009-07-20,3,6,10,15,27,28,31,37,38,41,46,51,52,55,56,60,61,66,68,74,76,80
2009-07-23,13,14,20,21,24,25,26,28,29,33,36,40,43,44,46,53,57,60,63,68,69,73
2009-07-27,4,7,11,22,25,27,30,33,35,37,43,47,50,51,55,58,61,65,66,67,71,72
2009-07-30,1,2,19,21,23,24,28,34,38,40,42,44,46,47,49,50,53,67,68,75,77,79
2009-08-03,1,2,3,5,14,17,20,23,27,29,40,42,46,53,55,58,63,65,66,68,76,79
2009-08-06,3,8,11,12,13,16,17,25,27,31,32,34,35,49,51,53,58,59,62,63,74,77
2009-08-10,3,7,16,17,21,22,24,25,34,39,40,46,48,54,55,58,69,70,72,75,76,80
2009-08-13,2,5,13,15,18,27,31,35,37,41,42,43,51,52,54,58,60,62,67,69,75,77
2009-08-17,7,8,9,18,20,21,30,35,41,42,47,49,50,56,57,59,60,61,69,72,73,74
2009-08-20,4,15,16,18,19,22,23,26,27,32,38,40,43,47,52,58,66,68,69,72,73,77
2009-08-24,8,9,16,18,21,25,29,31,38,45,49,53,57,59,65,67,68,69,71,77,78,79
2009-08-27,1,20,21,25,26,31,36,37,43,45,49,51,54,55,62,65,70,72,74,75,77,78
2009-08-31,1,5,6,9,12,14,15,16,17,23,28,30,37,46,50,54,58,64,68,69,72,75
2009-09-03,3,6,9,10,13,18,25,26,45,46,50,55,56,62,63,64,65,67,68,70,72,77
2009-09-07,6,11,20,25,26,28,29,41,42,51,53,54,56,57,59,61,62,68,72,73,74,77
2009-09-10,2,4,12,18,20,24,25,28,30,31,34,41,46,47,48,49,52,60,67,69,75,77
2009-09-14,3,6,10,11,13,19,20,35,37,40,43,44,47,49,53,54,55,63,66,68,69,79
2009-09-17,2,11,17,28,30,37,40,44,47,48,49,51,52,62,63,64,65,68,72,77,78,80
2009-09-21,3,5,13,14,16,21,24,27,30,34,35,37,41,42,47,52,53,55,58,59,69,78
2009-09-24,9,14,15,19,20,23,24,25,29,31,32,33,35,38,40,42,52,58,69,74,78,80
2009-09-28,1,2,10,12,13,18,19,27,35,37,38,40,42,56,60,63,69,70,72,73,74,79
2009-10-01,5,6,12,16,17,20,21,22,28,33,34,36,37,39,47,48,52,56,62,67,70,78
2009-10-05,1,7,10,16,17,19,24,26,28,30,38,40,43,45,49,51,53,58,62,67,69,71
2009-10-08,1,4,8,15,25,26,27,30,31,35,40,44,50,55,58,59,62,63,67,72,77,80
2009-10-12,7,12,13,16,21,22,24,25,35,39,43,49,50,51,54,56,59,60,62,66,74,75
2009-10-15,6,8,12,15,21,22,24,27,28,30,36,39,42,43,49,63,64,67,71,76,78,79
2009-10-19,4,11,13,14,16,17,21,22,35,36,39,40,44,60,61,67,68,69,72,73,79,80
2009-10-22,2,6,7,9,15,22,27,34,35,37,40,41,44,46,51,53,57,60,70,71,72,77
2009-10-26,3,6,8,14,16,18,26,30,35,40,42,46,48,50,56,61,62,68,70,74,79,80
2009-10-29,3,8,16,18,25,29,31,33,36,37,40,44,49,51,52,55,57,61,62,64,68,72
2009-11-02,7,10,14,17,18,26,27,30,36,48,52,53,54,57,59,60,64,66,67,68,70,80
2009-11-05,3,6,9,13,18,27,32,33,39,40,41,47,53,61,64,67,69,71,72,74,79,80
2009-11-09,1,9,10,15,17,18,25,31,34,36,38,41,43,45,46,49,53,62,63,71,75,80
2009-11-12,4,7,9,19,24,30,31,32,33,38,41,42,47,52,53,56,65,68,70,72,77,78
2009-11-16,1,3,4,6,9,10,14,15,17,29,30,34,38,48,49,50,56,60,65,67,72,79
2009-11-19,4,6,7,8,11,12,18,20,21,28,32,33,35,42,45,46,47,52,59,72,78,79
2009-11-23,4,5,6,7,18,22,25,28,31,32,36,38,43,50,52,53,58,67,73,74,76,78
2009-11-26,2,12,13,18,19,20,23,25,28,30,32,33,39,41,52,53,54,57,65,70,73,77
2009-11-30,9,13,19,21,22,25,30,33,35,42,43,49,51,57,59,60,66,70,73,75,76,79
2009-12-03,2,5,15,17,19,23,25,27,28,30,36,39,41,42,46,68,71,72,73,77,78,79
2009-12-07,2,3,5,13,22,27,31,32,37,38,45,49,53,54,55,61,63,70,71,72,73,74
2009-12-10,3,5,6,10,14,15,16,21,25,26,29,30,38,39,42,44,45,46,54,64,67,69
2009-12-14,2,9,10,19,20,22,24,25,29,31,34,40,50,52,59,63,68,70,74,77,79,80
2009-12-17,7,8,13,15,23,24,27,33,42,43,46,48,49,52,53,54,58,60,65,68,75,79
2009-12-21,8,20,23,24,30,31,33,36,37,43,46,47,49,58,59,67,70,71,73,74,78,80
2009-12-24,1,8,10,13,15,19,21,22,25,27,32,34,43,49,53,55,57,68,71,74,76,79
2009-12-28,3,13,19,20,21,25,27,29,35,43,46,47,53,55,58,65,66,68,71,74,75,80
2009-12-31,4,6,14,21,29,30,31,40,43,45,46,48,49,53,59,60,68,69,70,72,78,79
2010-01-04,4,7,9,12,16,18,22,27,33,38,43,44,49,54,60,63,65,68,70,75,79,80
2010-01-07,6,18,31,36,38,39,41,42,45,49,52,56,59,61,62,65,67,75,76,77,78,79
2010-01-11,1,7,8,16,18,20,21,25,28,34,44,46,50,53,56,57,59,64,65,71,76,80
2010-01-14,2,3,5,9,17,21,24,25,28,29,34,37,38,46,51,52,58,59,68,72,74,79
2010-01-18,7,11,12,16,17,25,28,29,38,43,46,47,48,53,61,64,66,67,69,72,77,79
2010-01-21,2,8,12,17,20,22,27,30,37,38,43,46,49,51,52,53,54,65,72,75,77,78
2010-01-25,2,12,22,29,31,32,36,38,42,44,45,46,47,48,51,53,58,60,61,64,67,78
2010-01-28,3,17,23,25,26,27,30,32,34,41,42,50,53,55,57,62,66,68,73,74,76,77
2010-02-01,1,3,4,8,9,10,11,14,18,20,22,25,28,34,37,39,55,56,57,60,62,67
2010-02-04,4,6,9,15,18,19,21,22,25,26,28,32,36,44,49,59,60,61,62,67,69,79
2010-02-08,5,7,9,12,16,17,19,20,21,26,30,38,43,44,45,49,60,67,68,75,77,80
2010-02-11,2,4,6,10,14,15,18,24,25,27,29,33,42,47,48,52,55,59,61,63,73,74
2010-02-15,2,4,5,6,12,13,15,25,27,28,30,32,35,37,39,44,46,51,53,58,71,74
2010-02-18,2,4,6,12,15,17,18,19,29,30,41,43,49,52,57,58,60,65,68,74,75,76
2010-02-22,4,9,14,17,18,22,23,31,33,34,40,42,49,60,66,68,69,72,73,74,76,79
2010-02-25,4,6,12,15,16,33,36,39,40,41,44,47,53,58,62,67,68,71,74,75,76,79
2010-03-01,1,15,21,24,25,27,28,33,34,38,42,44,49,53,56,58,60,61,63,72,73,78
2010-03-04,5,14,22,26,28,34,36,37,40,45,48,49,51,58,62,63,66,67,68,69,73,77
2010-03-08,1,7,9,17,18,27,29,33,35,36,42,44,49,55,62,63,65,66,67,69,72,74
2010-03-11,1,15,18,28,31,32,36,42,43,44,47,50,53,55,56,61,62,64,66,73,78,80
2010-03-15,1,3,7,9,13,15,21,25,31,33,35,36,38,39,46,47,49,53,64,66,69,73
2010-03-18,3,8,16,17,20,22,24,25,26,30,35,38,40,43,50,51,57,58,62,65,72,73
2010-03-22,3,8,16,20,24,28,29,30,31,32,34,35,47,49,52,57,60,61,63,65,70,74
2010-03-25,1,3,8,13,17,18,19,20,22,27,28,29,30,32,33,34,38,46,50,61,68,70
2010-03-29,6,15,17,23,25,33,35,36,43,47,49,52,53,54,60,62,66,71,74,76,78,79
2010-04-01,2,5,13,14,17,18,20,27,30,32,36,41,47,61,62,67,70,71,75,77,78,80
2010-04-05,2,9,11,12,13,14,21,25,27,36,42,43,46,49,50,53,57,67,72,75,78,79
2010-04-08,1,2,12,31,32,33,34,37,43,47,49,53,54,58,59,66,69,70,73,74,78,79
2010-04-12,3,11,12,13,14,20,23,28,31,33,37,38,39,50,54,63,64,69,70,77,78,79
2010-04-15,3,12,14,22,25,26,28,33,36,39,42,44,47,49,51,52,54,60,67,72,74,75
2010-04-19,3,5,9,18,19,24,25,32,36,40,50,52,54,58,59,61,62,64,66,72,73,76
2010-04-22,2,5,6,8,15,20,23,24,25,35,38,40,41,43,47,49,50,52,58,63,78,79
2010-04-26,2,6,10,11,12,15,16,20,21,24,25,26,32,40,41,47,49,60,64,66,68,69
2010-04-29,1,3,4,8,16,17,22,25,35,36,37,38,41,44,50,59,61,64,65,68,72,78
2010-05-03,3,9,18,27,36,38,40,43,44,47,49,53,54,55,56,61,63,64,72,75,78,79
2010-05-06,1,4,16,17,22,30,33,34,35,42,43,44,48,49,51,55,58,64,70,72,78,79
2010-05-10,8,12,14,18,32,35,37,38,41,44,46,49,53,56,61,63,65,66,68,70,75,76
2010-05-13,2,6,12,13,15,21,22,26,29,31,33,34,46,47,48,49,53,56,58,60,61,78
2010-05-17,1,2,3,4,5,6,7,8,10,24,28,35,37,38,43,55,58,60,62,68,75,79
2010-05-20,2,3,7,11,12,16,20,21,23,25,30,35,38,43,51,59,60,61,63,67,71,79
2010-05-24,1,3,8,9,10,25,26,31,35,44,46,50,54,56,58,62,67,70,73,74,77,79
2010-05-27,7,8,12,17,19,22,27,32,37,40,44,46,47,49,50,53,57,58,65,71,73,75
2010-05-31,3,6,12,13,22,30,34,36,37,38,41,42,43,56,57,60,66,71,72,75,78,80
2010-06-03,2,9,15,17,20,24,27,29,30,31,33,42,43,47,49,51,54,60,62,63,70,76
2010-06-07,2,5,14,15,17,22,25,26,32,38,46,47,48,50,54,58,59,62,67,68,78,79
2010-06-10,6,11,16,18,24,28,29,33,34,44,52,53,54,55,62,64,66,69,74,76,79,80
2010-06-14,2,16,17,19,22,23,25,26,29,32,39,43,48,49,55,60,62,64,70,71,72,80
2010-06-17,1,4,10,11,15,17,18,23,27,30,33,36,42,44,45,52,57,62,65,70,75,77
2010-06-21,4,8,9,13,17,18,22,25,29,35,49,51,53,54,58,59,64,66,70,71,72,78
2010-06-24,2,4,8,19,23,27,28,29,32,35,36,38,40,46,47,51,53,61,63,69,77,79
2010-06-28,1,3,4,6,11,13,17,22,23,25,26,34,38,39,41,42,43,50,62,63,68,69
2010-07-01,12,13,14,17,18,22,26,28,31,35,38,39,49,54,56,57,58,64,70,71,72,78
2010-07-05,12,13,17,19,21,22,23,27,33,43,44,48,51,53,54,64,67,69,73,75,77,78
2010-07-08,3,6,16,20,21,24,27,28,32,34,36,40,47,52,57,59,62,67,71,72,73,78
2010-07-12,3,4,9,11,13,16,21,27,30,32,35,39,43,44,58,59,61,64,68,71,78,79
2010-07-15,4,5,12,15,19,20,25,31,32,34,35,39,43,46,50,52,54,59,62,65,69,75
2010-07-19,5,10,13,19,23,26,29,30,31,33,36,45,46,49,51,55,58,59,61,69,73,74
2010-07-22,8,10,11,15,24,34,35,36,37,42,45,47,48,49,57,59,60,68,71,77,78,79
2010-07-26,4,5,15,16,17,20,36,39,40,41,53,58,62,66,67,68,69,71,73,76,77,78
2010-07-29,1,2,4,5,8,10,20,24,25,27,32,35,44,45,46,49,59,65,70,74,75,76
2010-08-02,6,7,13,22,31,36,41,42,44,47,49,53,55,57,59,61,62,63,65,70,71,74
2010-08-05,3,4,5,7,8,10,13,17,20,28,31,35,36,38,42,48,52,54,55,66,71,72
2010-08-09,9,15,17,25,26,29,31,34,38,42,46,47,49,54,55,56,58,62,63,65,76,77
2010-08-12,3,12,13,22,27,32,33,39,42,45,47,49,51,55,56,58,60,61,63,66,72,77
2010-08-16,2,3,12,13,14,15,18,20,23,25,29,37,48,49,51,53,54,60,68,69,75,79
2010-08-19,16,20,22,27,28,32,35,37,39,40,42,50,52,57,59,65,66,67,70,72,79,80
2010-08-23,1,2,3,5,7,12,15,22,24,26,29,30,40,44,45,46,72,73,77,78,79,80
2010-08-26,7,12,13,24,25,29,30,32,37,39,40,46,53,63,65,67,68,69,71,75,78,80
2010-08-30,1,3,7,11,15,18,24,25,34,35,36,46,48,51,58,59,61,62,63,66,73,74
2010-09-02,21,22,27,32,37,38,41,44,45,47,48,49,50,56,59,63,69,71,72,73,77,78
2010-09-06,1,4,6,9,10,15,16,17,18,20,23,31,37,39,51,53,54,55,58,68,70,73
2010-09-09,4,10,12,14,15,18,20,26,29,30,31,36,41,42,44,48,49,57,58,69,70,76
2010-09-13,4,28,29,30,34,36,37,38,44,45,47,50,55,61,62,65,66,67,70,74,77,79
2010-09-16,2,17,20,28,29,33,34,40,42,52,54,56,57,58,65,66,69,71,72,73,74,80
2010-09-20,6,7,13,20,22,26,28,29,31,38,40,45,47,50,52,54,60,61,66,67,74,79
2010-09-23,6,7,8,16,20,26,27,30,37,40,41,43,50,53,54,59,61,63,66,68,70,72
2010-09-27,2,3,4,10,11,17,21,22,25,26,33,34,47,53,56,60,63,64,71,75,76,78
2010-09-30,1,8,10,16,17,23,28,29,30,32,35,37,38,46,49,52,53,59,62,68,74,80
2010-10-04,5,10,14,15,25,27,31,33,39,44,48,51,58,59,63,64,66,70,72,73,76,78
2010-10-07,1,6,12,16,23,28,29,31,32,40,42,44,47,48,49,50,55,57,60,66,73,79
2010-10-11,11,14,19,22,25,27,32,35,36,39,42,46,47,49,52,53,60,62,65,67,68,71
2010-10-14,2,11,13,15,17,19,25,27,28,38,43,47,49,53,56,57,59,61,62,68,70,71
2010-10-18,10,12,14,20,21,23,34,39,44,46,48,51,55,56,61,63,65,67,72,73,74,77
2010-10-21,14,18,23,25,28,31,37,38,41,46,49,50,51,52,54,55,58,69,70,74,75,79
2010-10-25,7,12,22,23,25,33,36,38,44,46,48,52,55,57,63,65,67,70,74,75,77,79
2010-10-28,2,3,4,10,15,18,23,24,25,26,27,30,41,46,49,54,62,65,67,70,73,78
2010-11-01,2,6,12,14,15,16,17,26,37,46,47,48,52,53,57,58,59,62,65,69,71,77
2010-11-04,1,4,8,9,13,18,19,29,32,33,39,43,47,48,49,50,51,56,58,64,65,79
2010-11-08,5,10,11,14,15,18,19,25,27,33,37,38,48,53,56,57,61,62,68,69,72,80
2010-11-11,2,3,4,6,13,20,23,24,41,45,49,52,54,56,57,58,60,65,66,68,73,74
2010-11-15,10,12,18,20,24,25,27,36,40,41,42,43,47,51,53,58,59,69,76,77,78,79
2010-11-18,1,3,4,8,12,19,20,21,24,25,28,31,34,37,38,44,63,67,69,71,77,80
2010-11-22,2,8,15,20,25,27,33,36,41,46,47,54,60,61,62,63,65,66,69,72,75,77
2010-11-25,4,6,7,21,22,23,30,41,42,43,45,48,49,51,52,57,61,62,67,71,78,80
2010-11-29,1,2,9,10,12,20,31,36,49,53,56,58,60,62,64,66,67,68,75,78,79,80
2010-12-02,2,4,15,16,23,24,27,31,33,45,47,57,60,63,65,66,68,70,77,78,79,80
2010-12-06,4,8,9,13,15,16,17,21,23,34,35,37,39,47,50,52,56,60,64,66,72,80
2010-12-09,2,4,6,12,14,18,24,25,30,34,36,38,39,49,52,54,58,68,71,72,76,77
2010-12-13,1,2,3,4,12,16,25,36,46,47,49,50,54,56,59,60,66,67,68,72,73,78
2010-12-16,3,6,20,23,27,30,31,33,34,35,38,39,44,52,55,57,61,66,71,72,75,77
2010-12-20,4,6,16,24,28,36,38,40,41,48,53,56,57,63,65,69,72,73,75,76,77,78
2010-12-23,3,4,8,18,20,22,27,28,35,37,39,41,50,53,55,57,58,67,68,69,75,78
2010-12-27,1,12,15,16,18,20,22,31,38,42,43,44,50,54,55,58,61,64,66,69,72,76
2010-12-30,7,8,14,15,16,20,21,24,29,33,39,41,46,49,52,59,62,65,69,70,77,79
2011-01-03,1,4,9,15,22,27,33,36,38,44,48,50,51,52,53,58,62,64,68,70,73,79
2011-01-06,15,21,28,32,35,36,38,39,40,41,42,43,54,55,59,61,65,66,68,73,75,77
2011-01-10,7,10,13,15,20,21,24,29,32,33,35,37,38,42,43,53,58,61,70,73,74,80
2011-01-13,12,15,16,17,21,31,32,36,40,41,42,46,47,49,53,55,59,60,63,69,73,78
2011-01-17,6,10,15,16,20,21,23,34,38,40,41,43,44,47,52,59,60,62,65,67,73,76
2011-01-20,1,11,13,17,23,24,27,35,39,41,42,46,47,49,57,59,61,62,63,64,70,72
2011-01-24,4,6,15,21,22,25,28,33,36,41,43,44,50,51,69,71,72,73,75,78,79,80
2011-01-27,3,12,13,16,20,22,27,28,34,35,36,40,48,49,54,58,60,65,66,71,76,79
2011-01-31,4,8,16,20,21,24,26,30,35,37,38,39,43,46,47,51,57,58,60,62,75,79
2011-02-03,12,19,21,22,23,25,28,30,33,35,37,39,40,43,44,49,53,54,61,68,72,80
2011-02-07,12,14,15,19,21,22,24,32,34,35,44,49,53,54,57,59,62,66,67,69,71,73
2011-02-10,2,4,6,20,25,28,30,36,38,41,44,45,48,49,51,58,60,66,67,77,79,80
2011-02-14,3,8,10,15,18,20,29,36,38,39,40,43,45,46,48,53,56,57,59,61,71,72
2011-02-17,8,10,22,23,25,30,33,35,38,40,43,44,49,51,52,53,54,62,64,67,68,75
2011-02-21,2,3,8,13,27,28,29,35,42,44,46,47,49,50,51,55,56,58,61,74,75,76
2011-02-24,12,16,17,19,22,29,31,32,36,40,48,50,52,53,54,61,64,65,66,68,71,78
2011-02-28,14,15,16,18,22,23,25,28,29,33,38,43,47,52,53,66,69,71,74,76,78,80
2011-03-03,2,4,5,9,14,15,17,19,25,27,31,35,42,44,46,53,55,60,61,71,73,80
2011-03-07,1,7,11,13,14,17,20,34,36,37,38,39,47,52,59,60,61,67,69,71,74,79
2011-03-10,1,2,7,8,9,10,11,17,18,26,27,35,36,51,53,60,62,65,72,73,75,78
2011-03-14,3,4,6,7,10,13,31,35,36,39,43,46,48,49,55,57,58,59,60,70,75,78
2011-03-17,2,8,11,15,16,17,20,21,25,28,39,42,43,47,48,49,56,57,59,64,70,71
2011-03-21,16,17,21,23,24,30,31,37,40,42,44,49,52,54,57,65,66,67,68,72,75,78
2011-03-24,7,10,12,16,18,20,21,31,32,36,41,46,51,52,53,61,63,65,66,71,74,79
2011-03-28,3,12,15,17,21,24,29,33,34,36,37,40,41,42,44,49,56,60,66,70,76,78
2011-03-31,8,9,13,15,22,24,29,30,35,39,44,46,48,50,52,57,59,60,63,66,72,78
2011-04-04,7,14,17,24,28,29,36,38,42,43,44,46,50,51,52,55,59,65,66,70,78,80
2011-04-07,2,6,7,8,15,17,18,21,22,27,30,34,37,40,43,45,47,53,55,60,77,79
2011-04-11,1,3,8,9,13,21,22,23,27,28,32,40,41,47,52,60,62,68,69,71,73,76
2011-04-14,4,8,9,11,13,19,26,27,30,41,44,46,47,49,52,57,58,61,62,64,70,79
2011-04-18,1,2,3,7,10,21,23,29,32,33,35,37,41,42,48,53,57,60,63,66,69,72
2011-04-21,1,2,3,5,10,13,15,16,17,21,39,40,50,54,56,57,58,67,72,74,76,79
2011-04-25,6,7,9,10,14,16,20,26,28,30,31,32,40,45,46,50,56,57,68,69,75,80
2011-04-28,3,6,11,13,19,21,22,23,30,31,32,33,34,44,45,49,52,53,57,62,67,69
2011-05-02,1,3,4,12,14,16,23,26,28,34,37,38,41,47,49,53,59,62,68,72,73,74
2011-05-05,1,3,4,20,21,23,25,29,30,35,36,49,50,51,53,60,61,64,70,73,75,79
2011-05-09,4,6,13,20,25,28,30,34,44,46,48,49,53,57,59,60,61,71,75,76,77,80
2011-05-12,15,16,21,23,24,26,28,30,35,36,41,46,47,48,49,59,61,62,66,70,75,78
2011-05-16,3,15,17,18,19,22,32,33,35,36,43,49,51,53,55,60,63,64,68,77,79,80
2011-05-19,2,6,7,14,18,20,23,25,26,27,29,32,33,35,36,38,42,44,67,73,75,79
2011-05-23,4,7,9,20,23,25,31,32,34,39,41,43,46,48,55,56,66,67,68,75,77,79
2011-05-26,3,7,8,10,12,15,17,20,21,28,30,36,44,48,49,53,55,58,61,66,67,74
2011-05-30,13,14,19,22,23,30,31,32,34,36,38,49,50,52,55,56,65,66,68,76,79,80
2011-06-02,2,12,16,18,25,29,39,40,44,47,48,49,51,57,59,60,61,69,70,74,75,79
2011-06-06,2,4,5,6,20,27,30,32,33,36,39,40,42,46,53,55,59,63,67,69,70,76
2011-06-09,6,9,15,16,17,22,25,26,27,37,38,39,47,51,53,60,63,64,70,74,77,78
2011-06-13,3,7,13,14,16,18,22,24,27,31,32,34,37,46,49,54,58,59,62,68,69,73
2011-06-16,2,8,10,11,15,17,22,24,25,33,40,44,49,50,54,56,58,68,69,72,77,79
2011-06-20,3,4,5,11,16,22,27,30,31,32,34,45,47,48,52,58,68,69,71,72,75,78
2011-06-23,2,7,8,13,16,18,20,23,27,28,30,36,39,42,44,47,50,52,54,65,74,75
2011-06-27,3,5,12,15,16,19,24,26,27,28,29,31,33,35,39,47,48,49,50,52,56,59
2011-06-30,1,7,12,16,21,24,34,36,40,41,42,44,45,46,50,53,54,57,58,65,74,76
2011-07-04,1,10,20,22,23,24,26,31,35,37,39,40,41,48,51,55,60,61,73,75,77,78
2011-07-07,5,6,8,18,23,25,27,29,36,37,39,40,46,50,54,55,58,63,69,77,78,80
2011-07-11,2,6,9,22,23,24,27,28,30,34,36,37,39,40,47,59,66,71,72,74,76,79
2011-07-14,1,13,19,25,26,27,29,32,33,36,40,49,52,53,54,55,56,62,65,68,74,78
2011-07-18,3,6,9,12,15,17,18,28,30,33,34,36,40,41,42,46,47,56,61,69,74,76
2011-07-21,1,2,3,9,15,18,20,25,40,45,49,51,54,55,57,58,59,65,70,72,74,80
2011-07-25,5,6,26,28,29,35,39,42,45,46,48,50,53,56,68,69,70,71,73,74,78,79
2011-07-28,1,13,17,21,25,29,31,34,35,37,38,46,47,48,51,53,58,62,64,70,71,78
2011-08-01,3,4,8,14,16,20,24,26,27,30,31,35,37,44,46,51,54,57,63,65,70,78
2011-08-04,1,2,3,4,15,17,30,34,37,38,41,42,45,49,51,53,68,70,71,74,77,79
2011-08-08,5,15,28,36,40,44,45,49,51,52,53,57,58,65,66,68,69,70,71,72,75,79
2011-08-11,3,15,16,18,21,25,28,30,36,37,38,42,47,48,49,53,54,60,62,67,68,75
2011-08-15,3,18,19,21,23,31,33,36,37,43,44,45,46,53,56,57,61,64,65,73,75,79
2011-08-18,2,3,14,15,25,28,29,34,36,42,46,47,53,56,62,65,67,69,72,73,76,77
2011-08-22,5,6,9,10,12,14,15,17,22,27,31,35,39,40,42,44,47,50,55,60,62,74
2011-08-25,3,5,12,20,21,22,24,31,32,34,36,37,38,43,46,49,57,58,59,68,73,79
2011-08-29,4,6,9,17,19,24,30,34,37,38,40,43,51,58,61,64,65,66,67,75,78,79
2011-09-01,2,3,6,12,16,21,22,28,30,33,34,39,41,45,53,54,58,60,62,64,71,77
2011-09-05,1,3,13,14,15,16,22,24,28,32,35,36,37,47,48,53,54,58,61,62,63,71
2011-09-08,3,8,9,14,15,16,19,29,32,34,35,48,57,58,59,63,68,71,73,74,78,79
2011-09-12,2,6,10,12,14,27,28,29,37,41,47,50,54,56,58,60,66,70,73,77,78,79
2011-09-15,1,3,6,8,12,15,21,22,25,26,29,39,43,50,51,52,53,54,59,74,75,79
2011-09-19,3,6,8,11,13,17,18,24,26,30,40,42,43,51,53,54,58,61,63,71,75,78
2011-09-22,3,6,12,13,22,27,29,35,37,42,43,46,47,49,50,51,62,65,70,71,75,80
2011-09-26,1,3,4,6,7,15,21,22,24,25,28,31,36,41,44,46,47,48,56,67,74,75
2011-09-29,8,18,23,25,27,28,29,34,37,47,52,56,58,59,66,67,70,72,75,76,78,80
2011-10-03,6,8,14,17,19,21,23,29,31,34,36,37,41,46,51,52,53,54,59,60,68,70
2011-10-06,1,3,6,17,20,21,30,33,35,38,43,44,49,53,55,56,57,58,64,66,76,77
2011-10-10,3,6,9,14,16,17,22,29,32,34,37,42,48,49,56,60,61,69,70,77,78,80
2011-10-13,1,10,14,21,22,24,27,28,33,34,36,42,49,50,51,57,58,59,68,70,72,75
2011-10-17,5,7,8,11,12,13,16,23,29,31,40,41,44,49,55,57,62,63,65,67,79,80
2011-10-20,7,9,12,14,29,30,31,32,35,46,54,57,62,64,67,71,72,73,75,77,79,80
2011-10-24,11,15,17,20,28,29,30,35,37,38,39,40,41,43,47,48,54,56,64,65,71,79
2011-10-27,7,9,19,20,21,23,24,27,28,32,33,36,44,49,50,57,61,67,71,74,77,79
2011-10-31,3,4,10,11,12,14,17,20,22,36,37,40,42,44,48,52,54,58,63,66,71,78
2011-11-03,2,6,9,10,14,17,20,23,26,35,37,38,39,47,53,56,63,64,68,69,78,79
2011-11-07,3,6,8,10,12,15,18,33,39,41,45,47,49,57,62,63,69,70,72,76,78,80
2011-11-10,1,9,10,17,27,28,31,37,38,41,44,47,49,51,52,53,61,64,69,72,73,79
2011-11-14,1,3,8,15,20,21,23,27,29,30,32,42,43,44,45,53,55,64,68,69,77,78
2011-11-17,2,6,8,10,19,21,22,24,27,28,32,33,35,42,44,45,47,50,53,74,75,76
2011-11-21,1,3,4,6,8,9,15,21,22,25,34,37,47,51,52,57,59,65,67,68,71,72
2011-11-24,4,10,14,17,20,22,25,29,31,43,46,48,54,56,59,62,64,67,68,70,73,76
2011-11-28,2,8,17,18,20,22,24,25,29,30,37,39,43,53,54,56,60,64,66,77,78,80
2011-12-01,2,12,13,16,18,20,25,28,29,32,37,46,48,49,56,59,60,61,63,69,75,80
2011-12-05,1,5,9,15,16,21,23,24,25,31,37,44,45,50,52,57,62,63,65,73,77,78
2011-12-08,3,7,9,10,16,18,24,31,33,34,44,46,49,53,54,59,60,63,64,65,76,77
2011-12-12,4,5,9,17,21,22,24,25,26,29,38,40,44,46,49,51,53,57,68,70,75,79
2011-12-15,1,4,6,8,10,14,23,32,33,38,40,41,42,46,50,51,54,61,64,66,77,80
2011-12-19,11,14,15,18,19,25,28,34,35,37,40,44,50,51,52,57,58,59,60,62,65,75
2011-12-22,8,12,13,17,18,20,21,25,28,35,41,44,47,50,52,60,61,63,65,68,75,77
2011-12-26,3,4,6,8,9,10,16,28,35,37,44,49,50,54,57,66,67,69,70,72,73,74
2011-12-29,11,15,19,25,29,30,31,34,38,49,52,55,58,59,60,61,62,63,64,71,78,79
2012-01-02,2,3,10,11,20,30,31,32,33,35,39,47,48,49,50,61,66,68,71,78,79,80
2012-01-05,6,9,12,14,16,17,18,21,26,34,36,37,41,53,54,58,59,67,68,69,70,78
2012-01-09,2,3,13,15,24,28,33,36,38,46,49,53,54,57,62,63,64,65,66,68,71,78
2012-01-12,1,7,11,14,15,22,25,26,33,35,37,40,46,52,56,62,66,68,71,75,76,80
2012-01-16,5,7,16,18,24,25,26,29,30,38,44,47,49,54,56,58,62,65,70,72,76,78
2012-01-19,4,6,8,10,12,17,21,23,31,36,38,40,47,51,52,55,57,61,64,66,76,80
2012-01-23,3,4,8,10,13,14,26,27,32,38,43,46,48,49,55,56,61,62,70,72,73,78
2012-01-26,1,3,11,12,18,21,22,24,33,34,35,36,37,40,41,47,53,57,60,68,78,80
2012-01-30,4,5,6,8,9,28,30,31,37,39,44,46,47,53,54,61,69,71,72,74,79,80
2012-02-02,7,12,13,15,20,25,27,34,36,40,42,47,51,52,53,54,56,58,59,70,74,79
2012-02-06,12,18,25,33,35,36,38,44,45,48,49,51,53,56,61,63,66,67,68,70,73,78
2012-02-09,1,8,13,14,17,23,28,32,33,37,40,42,44,45,51,52,55,58,60,65,75,80
2012-02-13,1,10,14,16,17,21,23,25,26,34,36,38,51,60,62,66,69,72,74,75,78,79
2012-02-16,1,2,3,9,12,15,17,33,35,36,44,46,48,53,56,60,61,70,75,76,77,79
2012-02-20,3,10,12,13,16,20,21,28,31,32,42,44,50,51,52,53,54,63,64,71,77,79
2012-02-23,1,9,17,24,25,27,29,36,40,42,43,49,50,53,59,60,61,67,71,75,78,79
2012-02-27,5,7,10,15,19,22,29,34,37,38,43,48,52,57,60,66,67,71,73,74,75,76
2012-03-01,8,12,21,24,25,27,29,30,31,35,36,38,39,41,44,46,54,55,56,60,69,70
2012-03-05,1,2,10,13,16,22,25,38,39,46,49,50,54,57,60,66,69,70,72,75,79,80
2012-03-08,2,5,7,9,12,14,16,20,22,24,31,33,35,37,38,44,49,50,54,60,68,79
2012-03-12,2,5,7,9,11,14,20,21,34,35,36,41,46,47,49,50,51,52,57,58,60,62
2012-03-15,4,6,8,9,21,24,26,27,28,38,39,40,41,43,45,48,49,50,58,60,63,79
2012-03-19,2,6,10,17,20,21,28,35,44,46,47,49,52,55,58,60,62,63,65,68,77,78
2012-03-22,2,4,5,9,13,15,25,32,34,35,36,41,44,47,49,52,53,65,67,70,79,80
2012-03-26,1,9,15,17,21,22,25,29,35,37,40,41,42,43,47,49,57,65,68,71,74,77
2012-03-29,15,17,18,19,21,24,25,27,28,35,38,40,42,43,44,47,52,66,68,71,76,79
2012-04-02,3,9,12,15,21,24,25,26,28,35,41,43,52,55,62,68,69,72,74,77,79,80
2012-04-05,9,17,20,22,24,32,34,35,39,41,42,45,46,47,49,50,51,53,57,63,74,77
2012-04-09,1,18,22,23,27,28,31,34,38,39,40,41,42,46,48,49,53,55,60,63,72,73
2012-04-12,6,16,18,22,23,24,25,28,32,36,38,42,44,49,56,58,59,63,64,66,78,79
2012-04-16,3,6,7,10,11,12,16,17,30,34,39,40,43,47,54,61,64,65,70,73,77,79
2012-04-19,2,3,5,12,13,15,16,17,23,24,26,31,33,42,47,48,52,60,61,68,69,73
2012-04-23,2,4,7,8,9,12,14,23,24,31,35,41,42,43,45,47,50,51,60,70,73,77
2012-04-26,1,3,7,15,26,28,32,33,36,37,38,40,41,43,45,49,54,55,62,68,73,78
2012-04-30,4,6,7,10,25,26,28,33,35,38,39,40,42,44,46,52,53,57,65,66,67,73
2012-05-03,3,6,17,20,24,25,29,30,31,32,43,44,53,57,59,61,65,67,70,73,74,79
2012-05-07,1,6,13,16,17,20,31,38,46,47,49,53,55,57,62,63,65,67,68,69,71,73
2012-05-10,1,2,9,12,16,17,22,27,28,34,35,36,39,44,47,56,59,67,70,74,78,79
2012-05-14,4,10,11,12,13,15,19,21,28,40,46,48,50,55,57,61,62,65,68,74,78,80
2012-05-17,3,4,7,9,12,13,14,15,16,18,24,30,31,32,36,42,54,60,62,68,70,77
2012-05-21,1,3,4,9,14,19,26,27,30,33,38,44,51,53,54,55,65,68,69,71,76,78
2012-05-24,6,8,14,15,17,18,24,28,30,35,37,42,45,46,49,56,58,61,62,67,74,77
2012-05-28,3,4,8,16,23,24,25,26,29,34,38,40,44,51,58,67,68,70,73,74,76,78
2012-05-31,2,3,4,7,10,18,19,25,26,27,29,33,34,38,43,47,51,53,58,64,70,72
2012-06-04,4,6,17,18,23,25,26,28,29,32,36,42,43,44,47,48,52,57,61,62,66,70
2012-06-07,1,2,7,8,10,14,15,17,26,28,35,36,37,40,47,51,63,67,69,73,75,80
2012-06-11,1,2,5,8,9,10,12,13,17,18,25,27,33,40,44,48,63,66,69,73,76,80
2012-06-14,3,8,10,14,15,21,22,23,31,33,34,41,45,47,50,51,53,63,68,70,74,77
2012-06-18,7,8,10,18,19,20,22,24,26,33,39,46,47,49,50,53,57,59,62,64,74,80
2012-06-21,1,2,14,17,18,27,30,33,35,37,39,49,50,55,63,67,70,71,75,77,79,80
2012-06-25,1,3,10,18,20,23,27,30,35,37,44,58,61,66,67,70,72,74,76,77,78,80
2012-06-28,1,7,13,16,19,26,28,30,34,36,43,48,50,54,57,58,62,66,72,74,76,80
2012-07-02,6,8,11,13,18,22,23,28,33,36,38,39,40,43,47,48,49,54,57,63,76,80
2012-07-05,2,7,10,16,17,18,25,30,31,32,34,40,41,44,46,47,48,63,65,66,78,79
2012-07-09,2,3,14,22,26,29,31,35,43,44,45,46,51,52,56,59,61,63,68,74,79,80
2012-07-12,3,6,7,9,11,13,15,18,23,26,27,40,42,47,51,53,66,71,74,75,78,79
2012-07-16,3,4,6,10,18,23,25,28,29,32,36,42,50,51,55,59,60,66,68,75,77,79
2012-07-19,12,13,16,17,24,25,26,32,34,38,40,41,42,43,47,50,57,65,72,73,79,80
2012-07-23,3,6,7,12,14,15,16,17,25,31,33,40,43,47,49,52,53,58,67,73,77,78
2012-07-26,10,20,23,24,30,35,36,37,39,40,42,47,55,57,58,59,61,66,67,70,74,79
2012-07-30,1,4,7,8,9,17,20,21,25,27,33,38,39,42,46,47,49,52,56,57,58,60
2012-08-02,2,4,7,14,21,24,27,32,34,39,40,41,43,49,50,53,62,63,72,74,77,80
2012-08-06,4,6,8,25,34,36,38,42,47,54,55,56,58,59,60,61,62,69,72,74,75,77
2012-08-09,4,6,8,10,18,19,26,33,40,42,44,51,53,54,57,59,60,61,63,64,71,79
2012-08-13,1,5,7,13,15,18,22,25,27,31,32,35,44,47,53,56,58,61,63,65,66,69
2012-08-16,2,3,12,16,18,22,28,29,36,38,43,53,58,59,62,64,65,67,69,70,76,77
2012-08-20,2,5,11,12,13,14,17,18,24,31,37,42,43,46,54,61,65,67,68,70,72,80
2012-08-23,1,6,18,20,32,33,35,37,39,40,41,42,45,49,50,52,53,57,60,66,68,71
2012-08-27,1,2,4,5,12,18,21,25,26,28,38,39,40,41,45,47,50,56,62,71,75,80
2012-08-30,1,2,9,13,21,25,26,31,32,33,38,39,44,46,47,53,61,64,66,69,75,79
2012-09-03,5,8,9,11,17,23,24,25,28,32,35,40,42,43,53,62,67,69,75,78,79,80
2012-09-06,3,8,10,14,15,18,19,22,24,25,26,38,41,49,56,64,65,67,72,75,76,80
2012-09-10,4,15,16,17,23,26,28,30,31,34,35,37,48,49,53,54,62,68,69,70,76,78
2012-09-13,2,4,12,13,17,23,24,25,31,33,34,38,42,46,53,59,63,68,69,70,74,80
2012-09-17,2,4,6,15,27,31,32,35,44,47,57,58,62,63,64,66,67,68,70,75,79,80
2012-09-20,3,6,13,17,19,21,30,35,41,42,44,47,48,50,52,54,55,56,59,68,70,78
2012-09-24,4,12,13,15,17,19,21,31,32,33,39,42,47,49,53,55,63,69,70,71,79,80
2012-09-27,1,6,13,24,28,29,30,35,37,38,43,45,47,50,52,53,57,64,66,68,71,72
2012-10-01,2,3,5,16,17,22,25,30,38,44,47,49,52,54,56,59,68,69,70,74,75,77
2012-10-04,4,7,10,11,14,17,19,22,24,32,36,37,39,43,45,49,55,63,65,66,67,75
2012-10-08,2,20,28,29,34,35,37,41,48,49,50,51,53,54,55,61,62,65,70,71,73,74
2012-10-11,1,3,5,10,11,13,16,20,22,35,36,45,46,47,52,56,59,60,61,64,65,70
2012-10-15,3,6,13,14,16,21,25,27,35,38,41,47,48,49,50,51,56,66,75,77,78,79
2012-10-18,6,7,8,11,12,13,23,24,25,34,37,40,42,50,58,59,61,67,69,73,77,78
2012-10-22,1,7,15,17,18,23,24,25,33,37,40,46,49,52,53,57,66,69,72,73,78,80
2012-10-25,12,14,15,17,20,23,26,29,32,42,44,46,48,49,51,54,57,59,62,64,71,78
2012-10-29,3,4,20,24,25,29,31,36,43,46,50,54,56,57,60,61,65,68,71,74,76,79
2012-11-01,3,5,12,16,17,18,21,25,35,37,40,44,49,52,53,54,56,63,66,67,72,77
2012-11-05,1,6,7,9,10,14,25,26,33,35,44,50,53,55,60,61,64,72,74,75,77,78
2012-11-08,1,4,10,15,17,19,29,35,36,40,42,43,56,59,64,68,69,70,71,72,75,77
2012-11-12,2,10,11,14,16,23,28,30,33,36,40,47,48,55,57,61,62,68,75,77,78,80
2012-11-15,1,4,6,8,13,14,24,26,36,44,46,47,49,51,55,59,62,63,65,68,75,78
2012-11-19,1,3,6,12,13,21,27,35,44,46,50,51,53,55,57,58,60,62,66,75,77,79
2012-11-22,3,6,9,19,22,26,27,29,31,34,36,40,42,44,46,48,50,63,66,68,75,77
2012-11-26,4,7,13,14,16,20,32,35,42,47,50,53,55,57,63,64,66,71,72,73,79,80
2012-11-29,8,10,12,20,21,32,37,42,44,45,47,50,53,54,59,67,72,73,74,75,76,80
2012-12-03,3,6,9,16,18,25,26,27,28,30,32,33,40,41,53,57,58,69,74,76,77,78
2012-12-06,15,20,23,27,29,30,33,37,44,48,52,57,58,59,63,65,67,70,71,75,76,77
2012-12-10,2,3,5,12,14,16,17,20,22,25,27,29,34,41,46,48,49,57,58,63,67,79
2012-12-13,6,10,13,16,17,18,21,27,29,45,47,52,55,58,61,62,66,67,69,70,72,78
2012-12-17,1,4,13,14,27,28,32,34,37,43,44,47,48,49,51,52,53,58,63,68,73,80
2012-12-20,5,10,13,16,17,19,20,21,24,25,33,34,38,40,42,43,44,53,55,59,67,74
2012-12-24,1,3,4,14,15,17,23,25,27,29,35,36,37,42,50,52,53,55,57,59,76,77
2012-12-27,6,7,8,9,11,12,18,23,24,26,27,28,31,47,48,50,54,64,67,69,72,73
2012-12-31,3,7,9,16,24,25,30,31,32,33,34,42,52,53,55,60,64,66,67,69,77,79
2013-01-03,5,6,8,9,14,15,16,21,33,38,42,43,44,46,47,49,51,52,56,64,70,78
2013-01-07,1,2,6,13,14,25,27,31,33,36,39,48,56,57,58,63,64,67,73,76,77,78
2013-01-10,1,3,19,20,23,26,29,30,35,37,41,42,47,51,53,55,57,62,68,72,74,80
2013-01-14,4,5,10,21,23,29,32,33,34,35,37,40,41,44,56,57,62,63,64,67,69,74
2013-01-17,4,6,9,16,17,30,32,35,36,37,38,39,40,52,53,59,65,67,69,75,77,78
2013-01-21,2,8,10,15,17,21,24,29,31,34,37,39,40,49,51,55,57,60,66,70,78,80
2013-01-24,2,3,4,9,11,13,20,32,33,34,44,48,51,56,61,62,65,66,70,74,75,79
2013-01-28,10,11,16,18,25,27,28,29,33,41,45,46,50,51,56,60,67,69,70,77,79,80
2013-01-31,1,3,15,16,17,20,21,22,27,29,31,32,33,49,56,58,59,64,65,67,73,75
2013-02-04,2,4,6,7,8,10,17,18,23,29,34,36,37,38,41,57,59,61,69,70,75,79
2013-02-07,1,2,7,12,14,24,30,32,34,35,36,42,44,46,48,49,68,69,72,74,75,80
2013-02-11,4,8,9,10,15,18,23,25,29,35,43,44,48,56,62,64,67,68,70,75,76,78
2013-02-14,3,10,15,17,18,21,25,29,31,34,35,44,46,47,48,58,62,64,66,69,70,72
2013-02-18,3,5,10,12,20,23,24,27,28,29,33,44,45,47,54,56,62,68,70,73,76,80
2013-02-21,9,10,15,23,24,25,32,37,48,52,53,58,59,60,62,64,65,66,69,75,77,78
2013-02-25,2,5,17,19,21,24,30,32,34,41,44,51,52,55,56,64,68,69,70,73,75,78
2013-02-28,4,16,20,31,32,35,40,44,47,48,49,50,51,61,65,67,68,70,71,73,75,76
2013-03-04,3,9,12,16,22,25,29,34,36,42,49,52,60,61,63,65,70,72,74,78,79,80
2013-03-07,2,10,14,16,22,27,28,31,32,37,40,44,46,48,49,50,54,61,68,69,72,78
2013-03-11,7,10,12,16,18,20,21,23,24,26,27,28,30,34,36,45,47,54,55,63,65,69
2013-03-14,4,10,14,16,23,25,27,28,33,34,46,47,50,51,52,53,57,59,62,72,73,79
2013-03-18,3,6,9,14,16,20,25,27,28,30,31,32,34,36,38,48,53,57,62,73,74,77
2013-03-21,3,6,7,9,16,21,24,33,34,37,40,44,47,52,56,59,61,65,66,74,77,80
2013-03-25,3,7,8,9,14,22,24,36,38,43,46,48,52,53,56,57,65,68,73,75,78,79
2013-03-28,3,6,8,9,16,18,19,20,23,26,27,28,33,36,42,43,44,53,57,65,67,72
2013-04-01,2,5,6,10,11,18,27,29,32,36,40,42,44,47,49,50,57,65,66,67,74,78
2013-04-04,1,6,12,15,17,22,24,29,31,33,37,39,40,41,44,45,48,49,51,60,64,80
2013-04-08,2,7,8,12,13,15,17,20,21,26,29,30,38,44,46,49,56,59,61,64,68,70
2013-04-11,6,11,12,18,24,25,29,33,34,35,37,41,50,57,59,63,69,71,73,75,76,78
2013-04-15,1,5,8,9,12,20,21,26,27,33,34,37,41,42,47,51,52,54,65,69,71,79
2013-04-18,1,10,13,17,19,22,23,32,34,38,44,47,51,57,63,69,70,71,72,74,76,78
2013-04-22,5,9,10,12,21,23,24,32,33,37,39,41,43,48,49,51,60,61,70,74,76,79
2013-04-25,6,8,10,13,15,16,24,28,30,35,36,39,44,45,46,47,52,57,72,76,78,79
2013-04-29,3,6,9,11,20,25,34,36,38,40,42,47,49,51,57,60,68,74,75,76,78,80
2013-05-02,4,6,8,11,12,13,18,20,22,24,26,33,34,43,46,50,53,61,62,66,74,75
2013-05-06,4,6,7,8,19,23,28,32,34,36,37,42,43,44,51,52,53,54,56,66,67,69
2013-05-09,3,5,6,7,23,24,25,33,35,37,42,43,44,47,50,53,57,61,69,77,78,79
2013-05-13,2,3,4,12,13,14,18,27,28,35,52,54,55,57,59,62,65,66,70,72,73,79
2013-05-16,5,8,14,17,19,20,25,27,30,31,33,40,41,42,46,47,50,51,62,63,72,79
2013-05-20,1,7,16,17,22,24,27,32,36,38,40,43,47,48,50,52,54,62,66,74,76,80
2013-05-23,9,10,12,13,14,15,19,27,30,33,38,40,41,49,52,56,59,60,62,64,67,68
2013-05-27,1,9,12,17,18,26,29,32,40,41,44,48,49,53,56,59,68,70,74,75,78,79
2013-05-30,6,8,12,14,15,17,20,21,23,24,28,32,34,37,44,47,53,57,60,69,70,73
2013-06-03,2,4,11,18,20,21,23,26,34,39,41,46,47,51,52,57,60,64,68,69,78,79
2013-06-06,3,6,7,8,10,15,16,24,33,34,37,42,47,50,53,58,62,67,71,73,75,80
2013-06-10,5,8,11,17,20,27,28,29,30,33,36,40,41,45,46,48,53,55,56,61,66,69
2013-06-13,3,7,8,14,16,21,29,30,34,35,43,44,50,55,60,61,70,71,72,73,78,79
2013-06-17,10,13,15,17,19,22,24,26,27,31,32,39,42,44,48,52,53,56,61,66,74,78
2013-06-20,2,9,10,14,21,26,33,35,37,43,45,46,48,51,53,54,57,66,68,71,78,79
2013-06-24,7,8,13,14,15,21,23,30,33,35,36,37,45,48,54,56,57,59,67,68,73,79
2013-06-27,2,8,15,21,25,28,30,40,42,47,52,53,54,57,59,61,65,67,68,72,74,78
2013-07-01,12,14,16,21,23,24,25,27,35,37,39,42,43,44,46,49,52,53,55,59,61,78
2013-07-04,1,8,9,15,16,21,25,26,29,31,35,39,40,44,49,50,57,65,68,69,73,75
2013-07-08,1,3,5,9,13,19,20,24,26,28,32,36,43,47,50,52,55,62,63,69,75,76
2013-07-11,3,4,8,12,14,18,20,21,22,24,25,27,31,42,49,53,54,55,59,61,63,70
2013-07-15,2,3,21,24,26,36,37,38,39,42,47,49,51,53,57,60,61,67,70,71,72,79
2013-07-18,3,4,5,24,31,32,33,35,39,43,44,46,50,54,57,65,67,68,69,71,72,79
2013-07-22,11,22,25,26,33,36,37,41,49,51,52,56,66,67,69,70,72,73,74,75,78,79
2013-07-25,10,11,17,18,19,22,23,25,30,32,33,38,40,49,52,57,61,63,73,75,76,77
2013-07-29,1,3,9,12,14,17,23,25,26,28,32,46,48,49,60,62,63,65,71,73,75,80
2013-08-01,1,8,13,15,16,21,23,25,27,29,34,35,43,47,51,52,53,56,57,58,67,74
2013-08-05,4,5,7,14,18,25,27,30,34,35,36,39,49,52,61,62,63,65,72,73,76,79
2013-08-08,6,8,10,15,17,18,25,27,28,29,30,35,38,40,47,50,51,59,70,72,75,78
2013-08-12,4,13,15,17,20,25,27,30,31,32,35,43,48,51,53,60,63,65,66,68,71,77
2013-08-15,1,7,8,12,13,16,26,28,32,36,37,44,49,50,52,54,58,59,60,61,62,63
2013-08-19,1,2,4,15,16,19,24,28,29,33,36,37,52,55,58,65,67,69,70,71,72,74
2013-08-22,1,3,4,13,14,23,26,28,29,40,45,49,50,53,56,61,63,68,73,74,77,79
2013-08-26,2,6,8,9,13,14,15,21,30,33,41,42,44,47,53,56,64,66,72,73,79,80
2013-08-29,3,4,12,13,18,25,31,33,38,41,43,45,46,47,49,53,59,60,63,64,65,78
2013-09-02,3,5,17,18,23,33,34,37,41,50,52,53,55,59,61,63,70,71,73,78,79,80
2013-09-05,2,8,13,23,25,26,29,34,37,40,41,46,50,51,54,55,62,67,68,71,72,80
2013-09-09,1,6,8,15,17,18,22,23,24,29,31,34,40,43,45,47,49,53,54,59,67,78
2013-09-12,3,4,6,8,10,11,12,18,29,30,32,35,39,40,43,49,55,60,61,68,77,80
2013-09-16,2,5,6,9,11,12,28,34,42,49,50,51,53,54,56,60,62,71,73,74,76,77
2013-09-19,3,4,11,13,16,23,24,25,26,28,29,32,38,40,44,52,56,61,66,73,77,78
2013-09-23,3,5,6,12,13,19,24,25,36,37,38,40,41,46,54,58,59,61,64,71,73,76
2013-09-26,1,12,14,15,20,24,25,27,28,30,37,38,39,46,48,52,54,58,59,62,65,78
2013-09-30,2,14,15,16,20,22,24,25,26,29,32,39,42,50,53,54,55,57,60,67,69,79
2013-10-03,4,10,15,22,24,25,29,30,34,40,42,43,49,53,58,59,62,63,64,73,76,80
2013-10-07,1,2,8,13,15,22,29,33,39,40,41,42,49,54,56,61,66,67,70,71,74,79
2013-10-10,1,3,6,18,20,23,32,33,36,39,44,46,48,49,52,54,57,58,63,66,75,80
2013-10-14,3,4,7,8,18,20,24,26,32,33,50,51,53,57,58,60,61,68,71,75,77,79
2013-10-17,2,4,12,15,16,19,21,27,33,42,45,47,49,51,53,54,59,60,61,62,75,80
2013-10-21,4,5,7,12,13,20,21,24,25,27,34,35,36,37,38,41,42,46,60,61,74,80
2013-10-24,3,6,14,17,20,23,26,31,34,36,37,38,40,42,53,60,61,68,69,73,74,79
2013-10-28,3,5,16,20,21,27,29,37,38,47,48,49,55,59,62,64,66,68,71,73,75,77
2013-10-31,5,14,17,18,19,20,24,26,27,29,31,34,43,44,45,51,56,61,64,68,75,76
2013-11-04,11,20,21,25,26,27,32,33,39,40,41,45,50,52,55,61,66,69,71,72,74,76
2013-11-07,8,13,14,15,20,21,26,31,34,38,42,46,49,50,53,55,59,60,67,68,75,80
2013-11-11,1,3,6,9,17,21,26,33,35,38,41,42,44,54,56,58,59,65,69,70,72,78
2013-11-14,3,4,6,8,9,23,28,30,36,40,42,44,46,47,49,53,55,58,61,66,75,79
2013-11-18,4,8,10,19,24,25,26,30,35,40,46,47,50,52,56,57,59,70,72,73,74,75
2013-11-21,6,8,12,13,16,18,22,25,37,40,43,44,45,49,50,59,69,70,71,72,73,78
2013-11-25,2,4,5,12,16,18,20,21,22,31,41,42,51,53,54,56,58,60,64,66,71,74
2013-11-28,2,9,20,21,30,36,38,46,50,51,52,54,56,57,58,59,66,67,68,69,70,77
2013-12-02,4,8,13,18,20,23,26,28,35,36,40,42,46,47,49,50,53,56,58,64,68,71
2013-12-05,1,3,5,11,18,19,22,24,26,27,29,30,34,42,45,47,57,64,66,67,73,77
2013-12-09,5,14,17,20,21,25,28,29,37,39,40,44,49,54,57,59,66,68,71,73,78,80
2013-12-12,1,3,5,6,15,24,25,26,27,42,43,46,49,53,56,57,58,62,63,66,73,78
2013-12-16,1,3,9,18,23,24,29,30,35,40,49,54,55,56,59,64,71,74,76,78,79,80
2013-12-19,3,4,12,13,20,26,28,29,33,37,40,46,54,55,56,58,66,67,68,72,75,79
2013-12-23,5,7,12,16,18,21,22,26,29,34,36,49,53,56,58,63,65,67,70,73,74,79
2013-12-26,4,8,10,12,20,24,27,29,32,33,35,37,40,43,44,49,53,55,64,66,74,75
2013-12-30,1,3,8,9,12,13,16,24,27,34,36,49,50,51,52,53,57,64,69,72,77,79
2014-01-02,1,3,12,13,20,23,25,26,28,35,38,45,46,48,49,53,57,63,68,73,76,78
2014-01-06,2,4,6,8,13,23,28,29,34,35,39,49,50,51,53,59,62,64,70,72,76,78
2014-01-09,1,16,18,21,27,28,30,37,38,39,40,44,47,56,58,60,61,64,65,66,76,79
2014-01-13,1,8,9,13,19,25,28,30,33,34,37,41,50,52,53,54,55,58,62,63,70,73
2014-01-16,2,3,5,8,12,20,24,29,31,32,35,43,47,48,54,60,62,63,70,73,77,80
2014-01-20,7,10,20,22,23,25,26,31,34,36,40,42,48,52,57,61,62,63,64,70,71,73
2014-01-23,2,8,13,20,21,23,25,29,30,37,38,39,43,44,51,52,54,56,62,64,75,79
2014-01-27,3,4,5,6,14,20,30,31,33,39,40,42,47,48,49,54,55,63,71,74,75,78
2014-01-30,3,5,6,7,9,10,16,17,20,24,25,27,31,40,46,47,53,61,63,67,79,80
2014-02-03,2,14,15,20,22,23,24,28,34,36,37,38,41,43,47,48,55,56,57,63,73,78
2014-02-06,3,4,9,10,18,22,29,34,36,39,40,47,48,49,52,53,54,58,60,65,79,80
2014-02-10,12,14,18,21,31,36,37,43,46,47,52,55,61,64,68,70,71,72,74,75,78,80
2014-02-13,1,6,9,12,17,32,35,38,45,46,51,53,54,61,62,64,65,67,70,71,73,74
2014-02-17,3,4,8,10,15,20,25,31,32,35,36,37,39,43,44,52,56,67,68,73,74,77
2014-02-20,3,6,10,16,17,21,25,31,34,35,36,38,40,41,43,47,48,53,55,64,71,78
2014-02-24,2,6,12,13,24,25,29,32,36,41,45,51,52,56,57,59,61,66,67,68,70,79
2014-02-27,6,9,13,21,22,23,27,34,37,38,42,43,44,49,52,57,61,65,68,71,74,79
2014-03-03,1,3,6,12,29,31,36,39,40,42,44,49,52,58,60,62,66,67,68,71,72,79
2014-03-06,3,4,5,8,20,24,25,31,33,36,40,42,47,58,60,61,62,69,70,74,75,78
2014-03-10,2,4,22,23,24,30,33,36,39,44,46,47,51,53,57,63,64,65,67,69,74,77
2014-03-13,1,3,14,15,16,17,26,29,38,44,46,47,49,53,56,58,63,69,72,73,74,78
2014-03-17,13,17,22,26,32,33,36,38,42,43,44,53,55,56,57,61,63,66,69,73,78,79
2014-03-20,1,10,14,21,24,27,34,36,39,40,41,42,44,47,48,50,54,56,58,59,72,80
2014-03-24,6,11,12,18,24,26,29,33,38,41,42,44,46,48,56,63,67,71,74,78,79,80
2014-03-27,1,10,14,16,17,21,25,27,37,42,44,46,49,52,53,58,62,65,70,76,77,79
2014-03-31,1,6,7,10,18,20,23,25,27,29,34,37,40,44,49,55,66,69,70,74,77,80
2014-04-03,3,9,12,14,15,16,21,25,27,35,39,42,46,49,50,59,62,63,68,69,70,77
2014-04-07,4,6,7,13,19,20,25,26,28,30,31,39,40,47,50,60,61,64,66,71,75,79
2014-04-10,4,5,9,12,16,21,24,40,46,48,49,55,57,58,59,63,64,67,73,74,76,78
2014-04-14,1,8,9,13,14,23,24,28,31,35,40,42,44,47,51,54,60,61,64,68,76,78
2014-04-17,7,10,13,19,21,23,31,38,39,42,43,46,48,57,61,63,70,71,72,74,75,77
2014-04-21,3,6,12,13,15,22,26,29,31,32,40,43,44,48,51,55,64,70,72,74,75,79
2014-04-24,3,4,9,10,13,17,24,28,31,35,39,42,47,48,50,51,52,57,61,62,63,74
2014-04-28,10,13,15,25,28,32,40,42,47,49,52,53,54,55,56,58,59,66,69,70,75,79
2014-05-01,1,6,9,15,16,20,21,23,24,25,28,32,55,57,59,63,64,66,69,72,73,77
2014-05-05,13,18,19,20,21,22,26,28,30,31,39,40,41,42,43,44,45,46,50,54,63,68
2014-05-08,3,12,16,29,30,31,36,41,46,48,49,51,53,54,61,65,66,67,71,73,75,79
2014-05-12,1,2,8,10,13,15,18,19,21,28,31,32,36,40,47,52,56,57,66,67,71,74
2014-05-15,1,2,3,6,9,17,18,23,24,25,32,35,41,52,60,70,71,72,73,74,76,78
2014-05-19,1,2,4,7,8,9,17,18,21,27,33,38,39,40,42,45,50,58,63,65,67,72
2014-05-22,1,9,12,13,18,21,23,24,25,34,36,38,39,43,46,49,53,56,63,68,75,78
2014-05-26,1,2,4,5,10,13,21,23,26,28,30,36,39,47,49,53,63,64,66,68,74,78
2014-05-29,3,7,10,15,16,26,28,32,34,36,40,43,49,54,55,56,61,62,63,67,69,77
2014-06-02,2,3,10,12,13,26,29,30,35,36,44,46,49,53,54,58,60,62,69,75,77,80
2014-06-05,10,11,15,16,18,22,24,25,29,31,32,40,41,46,47,51,53,57,58,68,70,71
2014-06-09,1,4,14,23,35,38,39,42,46,54,55,58,62,63,65,69,70,72,74,77,79,80
2014-06-12,7,9,11,13,20,22,23,24,25,26,33,38,40,41,42,47,48,52,56,64,66,78
2014-06-16,7,20,21,25,28,33,34,37,40,53,55,56,58,63,65,67,68,69,70,71,73,75
2014-06-19,4,8,10,13,21,23,28,30,38,43,44,48,52,53,56,64,67,69,70,71,74,79
2014-06-23,1,2,9,13,19,21,26,27,29,31,36,39,43,45,47,49,50,51,61,63,68,71
2014-06-26,3,6,15,16,18,19,23,25,27,30,38,42,56,58,59,61,69,70,73,75,76,78
2014-06-30,3,6,12,13,15,18,25,30,32,34,35,36,41,46,47,49,55,57,58,61,66,78
2014-07-03,1,2,7,9,12,14,20,25,26,30,36,46,51,52,55,63,64,73,76,77,78,79
2014-07-07,3,8,10,13,14,16,25,27,31,33,45,54,56,58,59,60,65,66,70,74,75,79
2014-07-10,5,8,12,13,17,23,29,31,34,35,36,42,45,46,50,55,59,61,63,69,75,77
2014-07-14,2,3,6,7,11,12,20,27,29,38,40,42,43,44,47,51,54,56,63,64,72,73
2014-07-17,1,2,4,7,8,11,13,19,24,28,32,36,38,40,50,56,58,59,62,74,77,78
2014-07-21,8,12,13,17,18,20,22,27,29,34,38,44,49,51,53,60,66,69,71,72,79,80
2014-07-24,2,4,6,13,16,26,34,35,42,45,54,64,65,66,67,68,69,71,75,77,78,80
2014-07-28,3,6,7,9,23,24,27,40,42,43,45,46,49,52,60,62,67,70,72,73,74,75
2014-07-31,2,4,6,8,15,17,19,26,34,40,43,44,46,48,49,51,65,66,68,74,78,79
2014-08-04,5,8,11,16,20,21,29,30,33,34,35,38,43,49,51,55,56,61,63,69,73,74
2014-08-07,1,2,3,13,17,21,24,26,31,35,41,42,47,49,50,51,61,66,73,74,75,76
2014-08-11,5,8,10,11,14,15,18,19,29,33,38,44,47,50,57,60,62,65,72,74,79,80
2014-08-14,1,13,22,25,28,35,37,40,42,45,49,53,54,56,63,64,66,69,70,74,79,80
2014-08-18,2,4,16,29,31,33,35,41,47,48,49,55,58,59,66,69,70,71,74,76,78,79
2014-08-21,2,9,14,16,21,24,25,29,33,35,42,43,44,51,55,68,72,73,75,76,79,80
2014-08-25,1,3,7,15,18,25,27,32,35,41,46,49,51,54,55,57,58,60,61,68,76,80
2014-08-28,1,4,6,8,13,20,21,22,23,24,37,39,43,47,49,54,58,59,62,65,66,80
2014-09-01,1,2,3,6,13,14,16,19,21,25,28,35,41,44,47,48,51,60,62,65,73,80
2014-09-04,6,20,21,22,23,28,29,36,42,43,46,49,51,53,54,59,64,65,68,73,76,78
2014-09-08,3,6,12,13,14,16,18,19,27,46,48,50,52,53,60,64,67,68,70,75,76,80
2014-09-11,2,9,15,16,19,22,23,25,33,35,39,42,44,50,52,56,59,61,65,69,73,78
2014-09-15,1,3,8,13,14,16,20,26,29,31,40,41,43,47,51,57,64,65,67,71,73,77
2014-09-18,5,6,12,13,15,19,20,22,25,26,33,35,45,46,48,52,57,59,62,73,76,78
2014-09-22,3,7,13,16,20,21,24,25,31,33,35,36,40,44,45,47,49,57,63,64,67,80
2014-09-25,1,3,7,10,14,20,25,28,31,34,35,41,44,50,53,55,56,69,70,71,75,77
2014-09-29,2,3,4,9,25,31,35,38,39,43,46,49,52,55,57,58,61,65,67,69,78,80
2014-10-02,2,3,14,15,16,21,33,39,45,46,47,49,52,53,54,66,68,71,73,74,75,78
2014-10-06,2,3,17,19,22,26,32,34,35,36,39,44,48,58,60,61,65,68,70,76,78,79
2014-10-09,2,4,15,18,21,22,25,27,33,37,38,41,46,49,52,55,63,67,68,73,77,79
2014-10-13,3,6,11,20,21,22,25,29,31,34,35,37,44,45,49,51,53,54,57,66,67,70
2014-10-16,2,6,12,14,16,17,18,21,24,27,32,40,45,47,52,54,56,62,66,72,75,80
2014-10-20,2,4,8,9,13,14,21,23,27,28,35,41,44,46,50,52,56,59,61,62,72,73
2014-10-23,4,6,7,8,11,21,23,24,25,32,34,35,44,50,54,60,64,65,68,70,74,75
2014-10-27,4,5,7,15,19,21,23,26,30,32,41,48,49,52,53,58,62,64,65,67,68,79
2014-10-30,8,10,15,16,17,18,30,32,36,37,41,44,45,48,49,63,64,66,69,74,75,80
2014-11-03,1,3,4,13,14,16,20,22,23,27,30,32,37,45,46,49,51,61,64,70,72,74
2014-11-06,1,3,6,7,8,9,18,20,31,35,40,42,48,49,50,53,62,66,70,72,78,79
2014-11-10,5,7,12,15,17,20,24,26,30,33,41,46,50,53,60,61,63,70,71,73,74,79
2014-11-13,1,2,3,4,7,12,24,27,28,29,31,37,47,53,56,59,62,68,74,75,76,80
2014-11-17,7,8,10,18,20,22,25,26,29,34,35,36,44,46,47,51,58,65,72,74,76,80
2014-11-20,2,4,7,16,19,25,29,34,35,42,47,49,50,55,60,66,67,73,74,78,79,80
2014-11-24,4,5,6,8,9,12,16,20,28,35,37,38,39,47,50,55,61,64,70,72,75,78
2014-11-27,5,23,25,26,28,31,41,44,46,49,50,52,55,57,59,65,73,74,75,76,79,80
2014-12-01,12,14,16,17,18,25,27,30,33,34,42,44,46,47,50,52,57,70,74,78,79,80
2014-12-04,7,10,11,12,18,30,33,34,35,42,44,45,47,52,57,63,66,67,69,70,73,79
2014-12-08,2,5,6,8,9,14,19,20,21,22,28,44,47,48,49,50,52,53,68,70,76,79
2014-12-11,12,17,20,24,29,35,36,38,42,43,44,48,50,59,62,63,66,69,70,71,78,80
2014-12-15,1,2,4,6,7,8,10,17,23,32,36,44,45,49,58,62,65,67,72,73,75,78
2014-12-18,2,5,8,9,10,12,16,18,20,21,25,36,39,40,44,46,52,55,57,61,64,69
2014-12-22,6,7,8,12,23,30,34,35,37,40,41,43,47,50,54,56,57,69,70,72,73,78
2014-12-25,3,12,13,15,18,21,26,27,30,34,36,46,47,48,52,55,56,64,65,66,69,76
2014-12-29,6,21,24,25,27,32,35,38,42,44,48,60,62,63,66,68,69,74,75,78,79,80
2015-01-01,5,8,9,14,24,27,35,38,42,43,44,49,51,52,54,59,63,64,66,67,68,77
2015-01-05,8,14,21,28,31,34,40,43,47,48,50,51,52,58,60,64,67,68,70,76,77,79
2015-01-08,2,4,5,8,9,17,25,27,29,32,36,41,44,47,49,50,53,57,59,64,79,80
2015-01-12,1,4,13,15,16,19,23,25,26,27,34,43,49,53,57,59,60,61,68,69,78,79
2015-01-15,2,4,18,24,26,27,32,35,41,44,46,53,54,55,56,58,59,60,62,65,67,71
2015-01-19,1,4,12,15,21,29,31,34,37,39,43,44,46,49,51,54,56,58,59,70,76,79
2015-01-22,4,14,15,17,26,28,29,37,41,42,46,50,51,53,57,65,69,72,73,77,79,80
2015-01-26,1,5,8,12,15,17,21,24,26,40,43,49,55,56,63,66,69,71,73,75,77,78
2015-01-29,4,14,16,18,24,27,29,32,35,36,39,40,44,45,47,48,52,59,62,74,75,78
2015-02-02,3,11,17,28,29,34,35,37,44,45,46,49,54,60,61,65,67,69,72,73,75,78
2015-02-05,3,8,15,16,26,27,30,32,33,41,42,47,48,49,51,54,57,62,65,68,69,75
2015-02-09,6,10,11,14,26,29,34,37,38,42,44,45,52,58,64,65,67,68,69,75,78,79
2015-02-12,4,10,12,15,16,20,21,26,28,31,34,40,42,45,48,51,59,60,63,67,73,77
2015-02-16,1,2,3,4,8,24,26,30,31,37,42,44,46,47,48,49,55,62,63,66,68,70
2015-02-19,6,8,13,18,19,22,23,25,32,33,35,38,43,47,49,53,55,56,58,59,71,77
2015-02-23,4,6,7,9,13,14,18,20,21,25,26,30,33,44,46,56,58,61,71,73,75,80
2015-02-26,3,10,17,25,26,30,33,40,42,43,44,51,52,53,57,58,62,63,69,71,73,79
2015-03-02,3,7,16,17,20,25,28,31,32,42,52,56,59,60,65,66,68,69,70,75,79,80
2015-03-05,7,9,13,18,23,25,29,33,34,36,37,39,40,41,49,50,56,69,70,71,72,80
2015-03-09,8,18,19,21,22,23,24,25,28,37,38,40,43,50,53,55,56,59,62,75,79,80
2015-03-12,1,20,23,30,35,37,42,45,46,47,49,50,51,53,55,57,61,65,70,71,72,78
2015-03-16,8,12,14,15,18,20,21,22,25,28,29,34,37,42,46,50,53,55,57,59,65,69
2015-03-19,2,6,10,11,12,18,32,34,35,38,40,42,46,47,48,51,56,70,71,74,77,78
2015-03-23,3,4,6,9,12,21,27,29,33,39,44,48,49,55,58,61,62,64,69,71,73,78
2015-03-26,2,7,14,17,31,34,35,36,40,42,43,44,52,53,54,57,67,68,73,74,75,78
2015-03-30,1,7,14,22,25,36,43,44,47,49,53,54,56,58,59,65,70,71,73,76,78,80
2015-04-02,12,19,23,25,29,30,31,39,45,50,52,54,59,61,62,64,69,70,73,75,77,79
2015-04-06,2,4,6,15,18,21,25,28,31,35,42,46,49,50,51,52,58,59,61,65,66,79
2015-04-09,1,3,4,7,10,16,26,29,33,37,40,44,45,49,50,53,60,64,67,69,73,79
2015-04-13,2,3,4,8,12,14,19,21,22,25,41,43,44,51,52,56,58,61,62,69,70,75
2015-04-16,2,13,14,17,25,27,29,30,34,36,37,42,47,49,50,54,55,56,61,66,69,79
2015-04-20,5,9,18,23,24,36,42,43,44,47,48,52,53,60,61,65,66,67,71,74,75,78
2015-04-23,2,6,8,11,13,17,20,24,25,27,30,34,36,41,43,46,47,52,63,64,69,74
2015-04-27,6,9,10,18,27,28,32,35,37,42,44,45,47,52,58,63,64,66,68,70,78,79
2015-04-30,11,13,16,22,24,25,28,32,34,38,42,44,49,53,54,63,67,68,69,71,76,79
2015-05-04,1,4,12,14,15,22,28,37,38,39,40,45,50,52,55,56,60,61,65,70,79,80
2015-05-07,1,7,15,17,19,22,26,35,37,41,44,45,46,48,51,52,54,64,68,69,75,77
2015-05-11,1,8,11,12,16,20,22,28,35,47,48,52,53,57,60,65,66,69,71,73,74,77
2015-05-14,2,4,6,7,9,30,34,47,49,50,51,54,58,59,62,63,64,69,70,71,72,80
2015-05-18,1,2,3,6,12,13,18,20,21,28,29,31,35,44,47,49,50,58,66,71,78,79
2015-05-21,2,6,7,12,15,16,24,30,37,43,49,52,55,60,66,68,69,71,72,73,76,78
2015-05-25,1,2,4,5,15,16,17,23,27,39,42,43,45,46,47,49,66,67,70,77,78,79
2015-05-28,5,7,10,12,18,22,25,26,30,31,32,36,37,38,39,41,43,44,57,66,67,74
2015-06-01,1,2,5,9,13,15,17,21,23,26,33,35,43,44,52,53,60,63,67,73,75,76
2015-06-04,4,12,14,15,23,24,25,30,33,34,35,47,49,55,57,60,67,70,71,73,74,77
2015-06-08,3,4,12,16,18,20,25,26,28,32,34,37,43,47,52,54,57,67,69,73,78,80
2015-06-11,1,2,6,12,17,19,23,27,28,29,31,46,47,48,52,54,57,59,63,73,75,78
2015-06-15,1,3,4,7,8,11,20,22,23,41,45,47,52,59,62,66,70,76,77,78,79,80
2015-06-18,2,3,7,8,12,15,16,21,22,24,30,38,44,46,47,54,55,56,59,61,75,78
2015-06-22,3,6,8,9,14,17,18,22,35,38,45,47,54,56,58,63,64,65,68,70,77,80
2015-06-25,3,7,9,13,16,17,21,23,25,26,28,37,40,44,45,47,57,66,67,68,70,76
2015-06-29,12,20,23,28,34,36,37,39,46,47,48,49,50,51,52,58,60,61,64,69,74,75
2015-07-02,6,13,26,28,33,37,40,42,49,50,52,53,54,56,59,62,65,66,72,78,79,80
2015-07-06,3,18,19,24,30,35,36,37,42,44,50,59,61,63,64,68,69,76,77,78,79,80
2015-07-09,1,15,19,20,21,22,27,29,38,41,42,46,47,54,62,64,68,72,73,75,76,79
2015-07-13,4,8,10,13,14,15,18,20,24,25,34,35,37,38,39,44,48,50,60,68,69,70
2015-07-16,1,7,8,14,15,20,21,22,26,28,29,31,33,42,53,64,68,69,71,73,74,79
2015-07-20,1,2,3,4,18,25,26,33,35,37,40,44,45,50,52,53,55,57,64,70,73,80
2015-07-23,1,4,5,9,21,22,24,28,30,36,41,44,46,51,54,55,56,60,61,62,71,80
2015-07-27,6,7,12,14,25,27,30,33,34,36,43,44,45,47,48,56,65,67,68,73,77,80
2015-07-30,9,13,16,20,21,28,38,41,44,46,47,53,57,59,63,67,68,71,72,73,76,78
2015-08-03,4,9,11,12,17,18,28,30,32,36,44,46,47,48,49,55,56,57,64,69,79,80
2015-08-06,1,3,5,7,13,18,19,23,25,27,28,29,34,44,45,47,54,55,60,66,67,80
2015-08-10,8,12,14,19,21,27,31,33,34,35,36,37,40,42,54,59,60,63,64,67,69,78
2015-08-13,12,14,25,28,31,32,35,39,42,44,51,52,54,55,56,60,65,66,71,72,73,78
2015-08-17,3,6,9,12,15,17,21,22,34,35,40,43,45,47,48,53,56,60,66,68,71,73
2015-08-20,3,9,10,18,22,23,25,26,28,31,36,49,51,53,57,60,62,66,67,68,72,75
2015-08-24,1,9,14,18,20,22,26,27,31,33,36,37,42,45,46,51,64,67,76,77,78,80
2015-08-27,4,6,7,14,15,17,24,27,38,41,49,53,56,58,60,61,71,72,73,76,77,80
2015-08-31,1,7,12,17,27,30,32,33,35,38,40,46,48,54,57,60,64,65,69,70,74,79
2015-09-03,5,7,8,10,14,15,16,18,20,21,26,28,34,36,41,46,50,56,63,64,68,80
2015-09-07,3,8,10,12,13,20,21,22,28,37,39,40,43,44,49,53,60,63,68,74,75,78
2015-09-10,4,15,19,20,22,31,33,34,36,38,40,41,43,44,56,58,60,61,64,66,67,76
2015-09-14,6,8,10,19,27,28,35,36,37,47,48,51,54,55,59,61,63,65,68,70,78,79
2015-09-17,4,5,9,11,14,21,25,27,31,37,38,40,44,46,50,56,58,66,67,69,71,80
2015-09-21,6,12,15,16,20,21,22,24,26,33,34,38,48,49,55,64,65,69,70,74,78,79
2015-09-24,7,8,12,13,14,16,24,25,27,28,30,36,37,44,46,47,51,52,64,66,70,74
2015-09-28,1,8,15,20,21,27,28,29,34,35,39,41,48,49,50,54,60,66,68,74,75,80
2015-10-01,4,12,13,14,15,16,22,26,28,29,38,43,47,49,53,57,58,64,66,67,69,75
2015-10-05,3,6,9,19,32,33,36,40,41,44,49,50,51,53,54,56,58,62,66,69,70,77
2015-10-08,3,13,18,21,22,27,30,32,33,35,36,47,49,56,65,66,69,73,74,76,77,80
2015-10-12,1,3,4,11,12,20,22,26,35,41,44,47,53,56,61,63,64,68,70,73,77,80
2015-10-15,2,3,6,8,10,13,23,27,29,34,41,50,51,53,54,57,59,61,67,71,72,73
2015-10-19,2,5,23,24,34,35,36,42,45,46,47,48,53,55,56,58,62,68,69,74,75,79
2015-10-22,2,3,6,9,10,13,15,19,21,24,25,33,42,43,52,53,54,59,62,69,72,77
2015-10-26,3,17,21,25,30,32,34,38,40,42,43,47,48,49,55,57,58,62,63,67,75,78
2015-10-29,2,6,9,16,17,23,24,25,27,28,30,31,40,41,43,53,59,60,62,72,75,80
2015-11-02,2,6,7,10,15,16,27,31,34,36,38,39,41,45,48,50,52,58,60,65,68,72
2015-11-05,3,7,10,16,20,26,29,31,38,47,49,58,59,65,66,67,68,70,71,73,79,80
2015-11-09,3,8,9,10,18,19,25,26,29,31,35,51,54,55,57,60,62,63,66,68,70,80
2015-11-12,1,2,8,12,18,19,26,28,30,34,38,39,42,43,47,49,50,53,55,56,71,72
2015-11-16,12,15,20,22,25,27,34,36,39,40,42,43,48,53,54,56,59,60,66,68,69,73
2015-11-19,2,4,5,9,11,13,15,27,30,38,40,42,45,48,52,55,58,62,70,72,73,74
2015-11-23,14,16,18,21,22,26,28,29,33,36,37,40,41,47,48,51,57,59,62,63,74,80
2015-11-26,2,3,7,18,23,27,32,34,36,38,47,50,51,52,57,58,61,64,65,68,71,78
2015-11-30,2,3,4,12,15,20,25,27,28,29,31,43,46,49,50,52,53,57,62,65,66,78
2015-12-03,2,7,8,10,12,13,14,18,29,37,38,39,40,45,55,57,62,68,71,74,77,79
2015-12-07,3,10,12,16,18,23,28,32,36,43,44,47,50,51,54,57,60,63,70,71,75,77
2015-12-10,7,8,9,11,22,25,30,34,35,36,37,40,49,53,54,57,61,64,70,72,75,80
2015-12-14,12,13,15,17,22,27,29,30,31,37,46,48,50,51,53,57,61,63,73,75,78,79
2015-12-17,1,12,14,16,19,27,29,32,35,36,38,41,49,51,54,56,57,58,59,60,67,71
2015-12-21,1,3,9,12,16,22,23,27,30,34,37,46,48,49,51,65,68,71,73,76,78,79
2015-12-24,4,5,15,16,23,26,35,41,45,52,53,54,57,60,61,62,71,75,77,78,79,80
2015-12-28,2,3,4,8,9,17,18,23,24,31,33,43,45,53,60,63,65,68,77,78,79,80
2015-12-31,3,5,8,10,15,18,20,22,34,35,37,38,52,54,59,63,66,68,69,70,72,79
2016-01-04,1,2,10,15,17,18,22,25,26,33,34,39,41,45,58,59,63,65,68,74,75,77
2016-01-07,3,4,6,10,14,16,19,20,22,23,24,26,34,38,39,42,44,61,66,70,73,79
2016-01-11,2,8,18,22,25,26,29,30,31,35,40,41,44,53,59,60,61,62,66,71,72,79
2016-01-14,3,8,10,13,16,17,18,23,25,26,27,34,47,54,56,57,62,68,70,78,79,80
2016-01-18,2,10,11,12,14,20,21,27,33,37,42,47,48,51,53,58,64,66,69,70,76,77
2016-01-21,1,3,4,6,10,14,16,24,27,29,37,38,42,49,51,54,57,59,64,73,76,78
2016-01-25,3,5,6,12,15,20,30,33,36,37,44,48,50,51,54,55,56,66,69,74,77,79
2016-01-28,5,10,11,12,15,20,23,24,29,30,35,36,38,44,47,49,50,56,64,77,78,79
2016-02-01,4,5,14,17,18,20,21,23,30,40,44,48,54,67,68,70,71,73,76,77,78,80
2016-02-04,6,12,13,14,16,20,21,29,30,32,34,37,46,47,57,59,63,72,73,77,78,79
2016-02-08,7,9,18,19,21,22,35,37,39,41,46,49,50,55,56,59,62,67,70,73,77,79
2016-02-11,2,6,15,16,20,23,28,29,35,36,39,42,43,47,48,49,51,52,53,58,75,80
2016-02-15,7,8,9,13,23,30,31,36,39,40,41,44,46,47,53,61,62,63,67,72,74,78
2016-02-18,5,6,7,8,16,18,20,26,29,35,37,38,39,46,47,48,52,61,64,66,75,79
2016-02-22,2,5,7,12,19,20,22,26,32,33,38,40,47,54,55,57,59,63,68,74,79,80
2016-02-25,2,3,9,10,16,17,19,21,23,25,30,35,47,49,53,54,55,58,59,64,72,76
2016-02-29,1,4,5,8,9,17,20,23,26,29,35,39,46,47,48,56,58,64,68,70,78,79
2016-03-03,2,9,10,31,33,34,38,42,43,45,57,58,60,64,66,69,70,71,72,74,77,79
2016-03-07,2,4,8,9,14,15,21,24,25,29,31,32,36,43,54,58,66,68,74,76,77,79
2016-03-10,3,13,22,26,27,33,37,41,42,43,44,46,48,52,54,62,65,66,68,71,73,80
2016-03-14,1,2,9,17,21,23,25,30,34,35,42,43,44,46,47,49,51,52,53,58,68,80
2016-03-17,1,4,6,7,8,18,22,25,33,36,37,38,39,44,54,58,61,63,69,70,72,74
2016-03-21,1,5,6,8,9,12,23,36,38,41,48,50,54,55,56,61,65,67,74,76,77,79
2016-03-24,6,7,15,18,27,28,29,33,37,38,39,43,46,54,57,58,59,60,67,69,70,79
2016-03-28,13,17,20,26,30,31,37,40,43,44,47,49,52,58,59,60,62,64,72,73,78,79
2016-03-31,2,10,12,23,25,26,30,33,34,35,42,44,49,51,53,54,59,60,64,65,69,78
2016-04-04,5,21,22,24,25,26,27,29,33,36,38,41,44,49,53,55,59,60,64,70,77,80
2016-04-07,2,5,12,13,16,18,22,24,28,40,41,42,43,46,57,62,64,65,67,68,70,73
2016-04-11,2,7,8,12,14,15,20,21,24,28,30,33,37,44,47,51,57,65,72,74,75,79
2016-04-14,4,5,15,18,30,37,38,40,45,46,47,49,51,53,56,59,62,63,65,70,75,77
2016-04-18,1,2,4,5,7,11,17,18,22,27,30,39,45,49,53,54,55,58,68,70,78,79
2016-04-21,5,7,11,13,17,18,26,27,28,36,41,42,43,46,48,49,53,56,60,69,73,80
2016-04-25,2,11,14,16,18,28,31,32,43,44,46,47,54,57,59,60,65,66,68,70,74,78
2016-04-28,1,14,16,18,19,22,23,24,25,32,35,45,47,60,62,64,67,70,73,74,77,80
2016-05-02,2,5,7,10,12,14,25,27,31,33,35,42,44,46,49,59,60,63,69,72,74,77
2016-05-05,4,17,20,23,24,28,30,35,40,42,55,57,60,63,64,66,68,73,77,78,79,80
2016-05-09,13,17,19,21,22,24,26,27,29,37,40,42,43,50,52,54,55,57,59,65,71,72
2016-05-12,1,9,13,17,18,20,21,22,26,41,44,45,46,47,50,53,57,58,66,69,71,80
2016-05-16,2,3,4,9,14,16,21,23,24,30,36,39,44,49,52,56,59,63,72,73,78,79
2016-05-19,1,4,8,18,19,20,23,25,28,33,40,42,44,47,48,50,56,58,61,68,74,76
2016-05-23,8,9,10,13,17,23,28,30,31,33,38,42,49,52,56,58,62,63,64,65,67,73
2016-05-26,7,9,18,22,23,26,27,29,32,36,37,47,48,51,53,58,69,70,72,78,79,80
2016-05-30,9,14,15,16,21,22,25,27,33,36,42,44,51,55,56,61,64,65,72,75,76,78
2016-06-02,2,3,5,8,10,17,25,26,29,50,52,54,57,58,59,60,64,66,67,69,71,80
2016-06-06,3,4,8,10,12,16,26,33,42,48,49,53,55,57,61,62,65,66,67,68,76,79
2016-06-09,3,22,25,26,29,37,40,41,43,44,46,52,54,55,60,62,64,72,73,75,77,79
2016-06-13,6,10,12,15,18,20,21,22,24,26,35,39,44,48,52,54,59,60,71,74,78,79
2016-06-16,4,6,15,18,25,27,30,31,32,33,38,39,41,47,48,56,63,64,69,73,75,78
2016-06-20,11,12,20,21,24,26,27,28,30,39,40,54,55,58,61,62,63,66,70,71,77,79
2016-06-23,12,13,17,21,24,27,29,33,43,46,47,51,52,56,61,62,63,64,68,71,74,78
2016-06-27,3,7,12,16,24,27,28,30,38,49,53,55,58,61,62,67,70,72,75,77,79,80
2016-06-30,5,6,7,15,18,22,24,25,36,38,41,43,48,52,54,62,68,70,72,77,78,80
2016-07-04,1,7,21,23,28,29,33,35,36,37,49,50,54,56,60,65,67,72,74,77,79,80
2016-07-07,3,7,13,18,22,23,25,26,30,35,41,42,46,47,49,50,62,65,67,77,79,80
2016-07-11,5,8,9,12,15,18,20,23,29,30,32,35,37,46,49,53,59,61,66,68,75,79
2016-07-14,4,11,15,22,24,25,32,34,35,38,41,49,53,55,56,59,61,63,66,73,74,78
2016-07-18,2,6,10,12,18,20,23,24,26,27,30,33,37,38,42,46,56,57,59,60,75,79
2016-07-21,2,6,8,15,23,25,32,37,41,44,46,49,51,52,53,54,60,62,65,66,79,80
2016-07-25,1,3,4,9,20,23,24,25,27,29,35,38,39,50,63,67,68,69,71,77,79,80
2016-07-28,3,6,9,10,15,18,27,29,30,35,37,45,49,53,56,68,69,71,72,75,77,80
2016-08-01,3,4,9,12,13,14,17,24,26,27,28,32,35,37,42,49,53,55,64,65,67,70
2016-08-04,6,18,20,21,22,24,26,29,30,37,38,41,42,48,54,57,61,66,70,73,77,78
2016-08-08,1,4,20,27,35,39,41,43,48,50,54,55,59,60,66,68,71,72,73,75,76,79
2016-08-11,3,7,10,11,12,13,22,23,25,30,32,38,39,40,47,48,54,59,60,68,70,80
2016-08-15,12,18,21,24,30,31,32,33,35,36,37,38,42,46,53,54,55,63,72,76,78,79
2016-08-18,1,14,16,22,25,27,28,29,33,38,40,41,44,45,48,53,55,63,65,70,77,79
2016-08-22,3,6,7,14,16,18,25,29,31,34,36,41,44,56,57,62,65,68,70,73,75,80
2016-08-25,10,12,13,14,16,18,20,22,30,31,35,39,40,41,45,47,49,55,56,63,71,78
2016-08-29,1,2,3,9,11,13,18,27,28,30,40,41,44,45,46,49,50,58,61,73,76,79
2016-09-01,3,7,15,19,27,29,37,38,41,42,44,53,57,59,60,62,65,70,72,76,78,79
2016-09-05,2,4,6,10,13,21,22,24,27,31,37,38,40,44,46,47,54,66,67,69,72,75
2016-09-08,2,12,13,21,22,24,26,27,34,39,40,41,44,50,54,58,66,70,76,78,79,80
2016-09-12,4,6,8,17,20,24,25,26,41,43,44,48,50,51,53,54,57,65,68,69,73,79
2016-09-15,3,5,12,15,16,17,27,28,29,34,37,38,42,47,53,60,61,62,64,70,75,80
2016-09-19,3,4,6,21,23,26,27,29,36,42,50,54,60,63,64,65,69,70,73,75,79,80
2016-09-22,3,7,10,14,16,17,19,24,29,37,40,43,45,50,53,55,57,60,67,68,70,78
2016-09-26,3,14,17,18,24,27,28,29,38,39,40,41,44,54,60,61,66,69,72,75,78,80
2016-09-29,1,5,8,12,14,15,20,22,27,30,31,38,43,47,52,53,58,63,64,66,70,76
2016-10-03,2,6,12,18,19,23,35,39,40,46,47,50,51,53,61,62,63,68,69,70,74,75
2016-10-06,6,11,15,22,27,29,30,33,37,40,44,45,46,49,50,51,54,67,71,74,76,78
2016-10-10,2,14,17,20,22,24,25,26,28,31,37,38,40,46,50,57,64,69,74,77,78,80
2016-10-13,1,16,20,21,23,24,25,27,32,36,39,40,41,44,48,51,54,57,73,77,79,80
2016-10-17,1,2,3,6,15,18,28,33,36,39,41,43,44,45,53,54,55,68,69,72,78,80
2016-10-20,3,5,6,7,10,12,14,15,18,21,28,37,40,41,44,46,48,55,56,62,72,74
2016-10-24,4,10,12,19,25,26,27,30,33,34,35,36,37,41,43,49,57,60,66,68,70,78
2016-10-27,1,2,4,8,14,15,17,18,21,23,31,33,36,39,43,44,51,52,66,70,73,79
2016-10-31,2,3,7,12,14,17,24,25,28,29,32,35,36,39,40,49,50,54,69,71,74,80
2016-11-03,2,6,8,16,18,19,31,33,36,37,41,51,53,56,57,60,63,64,72,77,78,79
2016-11-07,2,7,10,14,15,19,24,27,28,31,32,34,36,40,46,49,58,63,68,70,75,77
2016-11-10,2,6,9,12,13,16,23,34,45,48,50,54,55,63,66,67,70,74,75,76,78,79
2016-11-14,4,5,6,8,9,15,17,29,35,36,41,43,44,45,49,51,54,57,63,70,74,80
2016-11-17,1,5,8,10,13,14,18,21,27,32,36,40,42,49,50,52,67,68,69,70,71,75
2016-11-21,1,4,9,12,13,19,20,25,37,39,41,43,44,47,51,52,53,63,64,71,73,76
2016-11-24,9,14,19,21,24,25,26,27,28,31,36,39,40,42,44,47,48,52,55,62,73,75
2016-11-28,6,10,12,16,21,25,30,31,32,33,34,35,36,38,42,45,49,52,55,56,73,79
2016-12-01,6,8,9,13,16,23,29,32,36,37,38,43,47,49,51,52,66,68,71,72,75,80
2016-12-05,1,3,4,7,13,14,15,17,20,24,27,28,38,44,46,47,60,70,74,77,78,79
2016-12-08,5,6,8,12,21,25,27,29,40,42,44,47,51,53,55,58,60,70,71,75,77,78
2016-12-12,1,3,5,17,18,22,27,28,31,35,50,53,54,62,65,66,70,71,72,73,78,80
2016-12-15,1,3,16,17,20,26,29,34,35,36,40,41,43,47,49,50,58,63,70,73,75,79
2016-12-19,1,2,3,7,8,12,14,18,23,26,31,38,39,41,42,49,52,58,68,74,78,79
2016-12-22,12,16,20,23,26,29,30,32,36,45,52,53,56,63,70,71,72,74,75,77,78,79
2016-12-26,1,5,13,14,26,27,30,34,35,37,42,47,48,50,63,64,66,70,71,73,77,79
2016-12-29,1,2,3,4,6,16,17,18,19,24,31,34,35,37,38,44,53,56,58,72,78,80
2017-01-02,7,8,9,10,20,23,24,25,27,34,37,38,43,44,58,59,60,62,67,68,71,79
2017-01-05,3,4,7,12,15,16,18,26,27,33,37,38,41,44,49,52,58,72,74,76,77,79
2017-01-09,5,11,14,18,19,20,23,25,26,28,30,31,40,42,49,51,53,54,62,65,70,71
2017-01-12,3,4,6,13,15,20,21,23,29,40,46,54,58,62,63,64,65,72,74,77,79,80
2017-01-16,2,3,12,13,14,26,34,40,41,43,45,49,50,51,53,56,61,63,68,73,79,80
2017-01-19,4,7,10,16,18,19,26,27,31,33,39,40,53,54,55,57,58,59,65,67,68,80
2017-01-23,1,6,16,22,24,26,29,30,31,32,33,40,43,50,54,57,59,60,61,69,70,72
2017-01-26,2,3,10,20,21,24,27,29,30,35,36,43,48,49,50,54,55,57,63,68,70,76
2017-01-30,3,4,6,8,11,18,29,33,37,40,41,43,48,49,51,62,63,69,71,75,77,78
2017-02-02,1,11,23,27,31,35,36,43,47,48,53,55,63,64,65,66,68,69,70,71,78,80
2017-02-06,1,4,13,17,19,28,31,34,36,39,41,42,45,48,49,54,69,70,71,76,77,78
2017-02-09,4,7,12,13,20,23,26,31,34,38,40,42,44,46,55,63,64,66,67,70,71,77
2017-02-13,9,10,12,13,14,15,18,20,21,24,33,39,40,48,54,61,63,66,67,71,72,78
2017-02-16,1,6,8,12,15,16,20,22,31,33,34,37,43,48,52,54,56,63,65,68,73,76
2017-02-20,1,11,16,31,32,33,34,38,43,44,49,50,53,55,56,58,60,68,73,74,75,79
2017-02-23,2,9,12,24,29,32,37,38,39,40,41,42,45,58,59,60,62,65,69,72,79,80
2017-02-27,2,4,6,8,14,15,23,25,27,28,31,43,46,47,50,57,61,62,63,68,70,72
2017-03-02,1,4,8,15,16,20,21,23,27,28,29,32,36,37,44,46,49,55,62,63,64,74
2017-03-06,3,7,10,11,18,21,26,27,29,33,39,42,46,50,51,60,63,66,72,73,77,80
2017-03-09,1,8,12,14,18,26,29,41,46,48,49,51,52,60,65,67,68,71,76,78,79,80
2017-03-13,5,7,12,16,22,23,25,29,33,37,42,44,48,49,54,55,58,60,61,63,67,79
2017-03-16,2,3,4,7,9,14,16,18,22,23,29,36,38,40,43,47,48,52,63,67,68,71
2017-03-20,4,7,9,11,16,18,21,23,30,31,38,41,42,44,47,49,50,57,59,67,68,70
2017-03-23,1,18,22,24,25,31,35,37,41,43,47,56,57,58,61,63,68,70,72,77,78,79
2017-03-27,16,21,22,28,31,32,33,35,38,40,42,44,46,47,49,51,61,69,70,71,72,73
2017-03-30,8,15,16,17,19,23,26,30,31,35,37,42,43,44,47,49,57,66,68,73,77,80
2017-04-03,7,8,26,35,38,44,46,48,49,52,58,60,61,62,64,65,66,68,69,75,77,79
2017-04-06,4,10,13,22,24,25,29,32,37,38,40,44,46,53,55,63,66,68,70,72,73,76
2017-04-10,6,7,10,11,13,16,21,22,27,29,31,34,38,40,44,50,53,68,70,73,76,78
2017-04-13,1,5,6,14,15,22,25,26,29,35,38,45,50,51,54,64,68,70,72,73,75,78
2017-04-17,1,11,12,13,17,19,23,27,31,32,35,37,40,43,47,49,54,56,67,70,71,74
2017-04-20,8,12,14,15,22,27,28,29,31,36,40,48,53,58,61,68,69,70,73,76,77,80
2017-04-24,1,2,11,15,19,27,28,29,32,34,42,46,52,61,64,65,66,72,75,76,77,80
2017-04-27,1,4,14,18,25,26,28,36,43,44,46,51,54,55,58,59,61,62,65,70,75,80
2017-05-01,8,9,14,15,18,19,20,23,29,30,37,43,49,54,55,57,59,60,63,70,72,74
2017-05-04,6,10,13,17,18,21,22,24,25,37,40,49,50,51,52,59,60,63,69,72,76,80
2017-05-08,1,4,18,20,21,25,30,37,38,47,53,55,58,63,64,65,67,68,70,75,76,77
2017-05-11,4,6,10,20,21,27,33,39,42,46,49,50,61,63,65,66,69,70,71,76,78,80
2017-05-15,1,4,5,6,8,22,25,26,28,30,32,35,45,57,59,62,63,66,70,74,76,77
2017-05-18,8,9,11,14,20,22,23,29,35,41,42,48,49,52,58,62,67,68,70,71,73,78
2017-05-22,1,6,8,9,12,15,18,25,27,31,35,45,47,48,52,55,62,63,70,71,72,77
2017-05-25,1,12,13,20,21,23,28,34,37,39,40,42,44,45,48,50,57,64,68,69,72,78
2017-05-29,7,14,15,20,22,24,30,33,36,37,39,40,47,48,50,56,57,59,70,72,78,79
2017-06-01,1,4,13,14,15,23,29,31,40,41,51,56,59,66,67,68,71,73,75,76,78,80
2017-06-05,2,6,9,14,22,23,24,29,44,50,53,56,58,59,60,62,67,68,69,73,75,80
2017-06-08,1,2,3,7,10,14,16,19,20,21,22,36,39,44,59,64,66,67,71,72,76,77
2017-06-12,1,5,7,14,15,17,18,29,31,34,37,42,47,49,51,53,58,60,63,74,79,80
2017-06-15,8,12,16,18,25,27,29,30,32,33,38,44,49,51,52,53,59,63,72,74,75,77
2017-06-19,1,2,6,8,13,14,19,20,31,37,41,43,44,48,53,56,58,61,73,74,77,80
2017-06-22,3,7,13,15,26,29,32,34,42,46,47,54,59,60,61,62,63,64,67,68,70,78
2017-06-26,1,3,12,19,21,22,23,26,28,32,36,46,47,49,54,57,63,66,72,76,78,80
2017-06-29,2,3,4,6,9,10,23,25,26,30,32,33,37,39,57,68,70,72,74,75,78,79
2017-07-03,4,6,18,23,27,29,37,44,47,50,56,60,66,67,68,69,70,71,72,75,78,80
2017-07-06,3,8,12,17,23,25,29,35,43,47,50,53,54,62,63,64,65,67,71,72,74,78
2017-07-10,6,7,12,18,20,24,30,31,36,39,42,43,47,48,49,51,54,56,63,65,70,78
2017-07-13,6,9,17,19,27,29,31,35,39,41,47,48,52,55,58,62,65,66,67,68,72,77
2017-07-17,3,7,14,15,20,25,27,34,40,47,49,52,54,55,56,57,59,62,66,70,73,74
2017-07-20,3,5,12,20,23,25,26,28,29,30,32,36,43,44,52,54,57,59,61,63,68,72
2017-07-24,8,9,11,17,20,24,30,31,32,35,38,40,41,43,45,50,52,57,61,68,78,79
2017-07-27,22,25,28,30,34,36,39,46,49,52,53,54,57,59,61,70,72,73,75,76,77,80
2017-07-31,2,3,9,11,13,14,25,27,29,31,38,46,47,48,52,53,61,67,69,71,79,80
2017-08-03,1,3,4,6,8,9,16,19,22,23,32,35,37,40,47,50,51,53,55,63,74,75
2017-08-07,1,5,10,15,16,26,27,28,29,31,36,37,38,39,41,42,58,62,67,73,74,79
2017-08-10,3,17,19,21,26,31,35,43,46,48,50,51,55,56,59,61,66,67,69,73,79,80
2017-08-14,13,15,16,19,24,28,31,32,34,40,42,43,44,58,60,61,68,71,74,76,77,78
2017-08-17,2,6,11,18,20,21,24,26,29,30,32,35,54,57,58,67,69,71,75,77,79,80
2017-08-21,10,14,18,21,27,29,31,35,36,38,39,40,47,50,51,62,68,70,72,75,78,79
2017-08-24,8,10,14,16,17,18,26,29,30,36,38,39,41,47,48,49,52,54,66,67,75,77
2017-08-28,9,14,18,21,23,25,26,29,30,37,40,50,51,53,55,62,63,65,68,69,73,76
2017-08-31,4,9,11,12,15,22,23,28,30,32,34,41,43,44,48,53,55,61,64,65,68,77
2017-09-04,1,3,4,12,14,22,25,26,29,30,33,34,37,38,40,51,52,53,57,69,72,75
2017-09-07,8,9,10,12,14,16,18,21,23,25,28,29,31,33,34,38,46,54,63,64,67,70
2017-09-11,2,5,8,9,18,20,26,29,30,43,44,45,48,52,53,58,60,65,69,74,77,78
2017-09-14,8,10,12,15,18,19,25,27,30,32,33,34,44,47,53,54,55,63,64,67,71,77
2017-09-18,6,9,13,20,21,24,27,29,33,47,49,60,62,63,65,66,68,69,70,74,75,78
2017-09-21,6,12,15,17,19,23,24,25,31,33,35,36,40,43,44,50,52,53,55,69,71,76
2017-09-25,3,9,10,11,22,25,26,28,30,31,36,37,38,50,58,62,67,69,73,75,79,80
2017-09-28,2,4,9,11,13,15,17,18,25,31,33,41,42,44,51,52,54,58,60,69,73,79
2017-10-02,3,4,9,21,25,30,31,34,35,44,50,51,54,59,65,66,67,68,69,72,74,77
2017-10-05,1,6,9,10,11,14,15,18,21,22,24,26,28,29,38,39,42,43,56,67,77,80
2017-10-09,3,4,18,19,23,28,34,35,39,43,44,47,48,49,50,51,53,60,62,65,68,80
2017-10-12,4,5,8,12,14,24,25,27,28,29,30,35,36,38,39,50,51,58,59,72,74,75
2017-10-16,12,13,14,17,19,20,24,34,35,37,38,39,43,44,48,51,53,59,68,69,75,80
2017-10-19,3,4,6,8,16,24,25,30,31,33,37,38,40,44,46,47,48,54,56,66,67,70
2017-10-23,7,8,15,17,18,19,20,22,23,25,28,29,33,42,50,53,55,65,71,75,76,79
2017-10-26,3,5,6,8,12,17,20,22,28,30,40,42,44,47,49,52,58,69,73,75,77,79
2017-10-30,4,6,13,16,32,33,36,37,42,44,47,48,49,51,56,60,61,63,64,70,71,80
2017-11-02,4,13,18,36,38,39,40,41,44,47,52,53,54,57,59,65,66,69,70,72,75,79
2017-11-06,7,12,18,21,24,25,28,30,35,38,43,45,46,51,55,56,58,60,74,75,78,79
2017-11-09,2,6,7,8,10,12,17,20,26,28,32,33,35,38,42,44,52,56,57,72,73,79
2017-11-13,3,10,17,25,26,31,32,34,36,37,38,43,44,45,46,50,60,62,63,68,70,71
2017-11-16,2,3,4,9,14,16,18,19,20,26,27,28,36,38,44,45,47,48,49,58,60,75
2017-11-20,7,8,13,16,24,29,31,32,33,35,40,45,47,48,52,55,58,63,67,74,75,79
2017-11-23,6,13,18,26,30,31,34,37,38,39,41,42,49,50,51,53,61,66,68,69,73,79
2017-11-27,2,4,22,25,26,28,30,31,32,33,34,37,38,49,62,63,66,69,73,75,77,78
2017-11-30,5,6,8,10,14,15,16,17,20,22,23,29,36,43,54,60,62,64,67,68,72,78
2017-12-04,3,14,17,29,35,36,41,43,44,46,47,48,50,51,57,59,60,63,65,68,73,75
2017-12-07,3,9,17,18,19,20,28,33,37,40,42,43,44,52,54,60,67,69,70,72,73,74
2017-12-11,1,6,8,15,17,22,24,28,29,32,41,44,49,55,56,58,62,70,72,74,79,80
2017-12-14,1,10,13,15,27,32,34,36,41,43,44,45,46,47,48,52,56,57,62,77,79,80
2017-12-18,1,3,4,5,6,13,21,22,23,29,36,37,46,47,50,51,53,59,71,72,74,80
2017-12-21,2,16,17,21,22,23,24,27,29,30,36,40,43,49,53,55,61,72,73,74,75,78
2017-12-25,2,8,10,15,17,18,26,33,36,37,42,44,47,48,51,55,56,68,69,75,79,80
2017-12-28,3,9,11,19,27,31,33,34,37,38,40,42,47,49,55,63,68,70,71,73,75,79
2018-01-01,2,5,8,13,20,22,24,28,32,36,41,47,49,51,61,63,64,66,70,75,78,79
2018-01-04,1,10,14,23,27,30,31,33,34,39,50,52,56,61,62,67,68,69,70,76,77,79
2018-01-08,2,3,5,12,16,22,30,33,34,37,43,46,49,54,55,57,61,62,63,68,73,75
2018-01-11,1,9,12,15,18,20,22,29,37,47,52,56,58,60,64,67,68,70,71,73,75,78
2018-01-15,6,9,13,14,16,22,23,32,37,40,43,48,50,51,53,57,60,65,71,72,76,78
2018-01-18,4,9,10,12,13,14,17,21,27,31,43,45,46,47,48,51,52,61,67,74,75,76
2018-01-22,1,2,5,8,9,13,17,19,20,26,27,33,41,45,48,59,61,62,65,70,74,79
2018-01-25,10,13,14,21,25,27,28,29,34,40,44,48,53,54,56,60,68,69,70,71,77,79
2018-01-29,3,8,17,22,25,27,30,41,43,45,48,51,52,53,56,57,63,65,71,72,75,77
2018-02-01,7,9,12,14,16,26,27,39,47,48,49,50,53,59,63,64,67,68,70,72,77,80
2018-02-05,3,8,10,11,12,20,21,24,27,34,37,42,57,58,62,68,71,73,74,75,78,80
2018-02-08,2,4,11,16,18,19,21,22,32,44,49,50,51,52,53,57,58,71,72,73,74,77
2018-02-12,4,6,10,12,13,17,18,23,24,28,33,36,46,51,53,56,57,59,63,68,73,75
2018-02-15,3,7,8,12,14,15,16,17,30,33,42,45,46,49,69,70,72,73,77,78,79,80
2018-02-19,8,11,15,16,25,28,31,36,41,43,44,46,47,48,50,55,56,58,66,67,69,78
2018-02-22,6,9,10,19,22,23,33,36,42,44,46,48,50,54,56,59,61,63,65,69,70,74
2018-02-26,4,9,11,12,13,14,18,21,24,30,35,38,42,43,47,52,61,62,64,71,74,80
2018-03-01,2,3,7,10,17,23,26,27,28,29,38,42,45,46,47,50,66,70,71,73,78,79
2018-03-05,2,3,7,9,14,17,23,25,30,36,41,43,53,55,56,58,62,63,70,71,72,75
2018-03-08,3,7,15,16,18,20,22,23,26,35,36,37,39,42,52,54,57,62,70,78,79,80
2018-03-12,1,3,11,17,22,24,28,29,33,38,40,42,44,46,51,53,64,65,67,68,70,74
2018-03-15,4,5,7,14,16,18,21,22,24,25,39,40,41,49,61,63,68,69,70,74,79,80
2018-03-19,4,8,14,15,17,21,25,28,30,31,32,33,40,43,49,50,52,53,57,59,62,77
2018-03-22,4,6,10,13,15,21,31,36,41,48,51,55,56,58,59,63,65,67,69,73,76,77
2018-03-26,4,5,17,25,32,36,40,44,52,55,59,62,64,65,67,68,72,73,75,76,77,79
2018-03-29,1,2,3,4,13,17,19,25,27,31,35,36,47,50,53,56,60,64,66,68,69,76
2018-04-02,5,10,11,14,18,22,23,24,26,29,31,35,36,39,41,42,47,52,53,58,59,67
2018-04-05,7,9,10,12,14,16,24,28,34,39,43,44,47,48,53,55,57,62,66,72,73,77
2018-04-09,8,12,14,16,18,22,24,27,29,37,38,43,48,50,54,55,61,68,69,74,75,80
2018-04-12,2,3,7,10,12,13,15,22,24,34,35,40,44,47,50,53,65,66,67,68,70,74
2018-04-16,1,2,3,10,12,14,16,28,34,37,41,47,49,51,61,64,67,68,70,71,78,79
2018-04-19,1,4,10,16,17,20,22,23,24,30,31,33,37,38,52,53,59,62,63,64,76,80
2018-04-23,6,12,14,15,18,23,25,26,28,31,33,36,43,49,55,58,63,67,70,74,77,79
2018-04-26,1,2,7,16,21,23,26,27,28,37,38,40,44,46,51,55,59,62,66,76,77,79
2018-04-30,1,6,8,12,21,25,27,32,36,37,41,43,44,47,49,55,57,59,61,67,71,78
2018-05-03,1,3,5,12,14,16,17,22,28,31,33,37,39,40,44,49,55,56,57,66,70,79
2018-05-07,7,9,10,12,13,14,16,21,24,25,26,34,35,43,50,51,55,58,67,74,75,80
2018-05-10,2,6,13,14,17,21,25,27,30,32,36,38,40,48,49,50,53,59,60,64,66,78
2018-05-14,9,11,21,22,30,31,33,35,40,43,46,50,52,54,58,65,68,70,72,73,75,78
2018-05-17,4,20,21,23,34,37,39,41,43,45,50,51,52,53,56,60,65,69,73,74,78,79
2018-05-21,2,3,9,20,22,24,32,33,38,44,46,49,50,52,53,55,60,61,63,69,70,77
2018-05-24,1,3,9,12,14,16,17,21,24,25,26,28,33,36,38,44,49,50,61,66,68,71
2018-05-28,1,6,19,21,25,29,30,31,32,33,39,41,42,50,53,54,59,62,66,67,69,78
2018-05-31,2,9,10,20,22,24,26,27,30,35,37,40,45,53,54,57,65,67,69,74,77,80
2018-06-04,2,6,10,13,15,18,22,25,26,30,34,36,42,46,49,50,51,57,59,62,75,80
2018-06-07,1,3,10,12,13,29,30,33,38,39,41,43,44,49,50,56,61,62,68,75,79,80
2018-06-11,3,13,14,15,17,18,20,25,30,33,36,46,50,51,53,58,62,65,68,74,76,79
2018-06-14,3,11,16,24,25,27,28,35,40,43,46,47,56,57,58,64,65,66,68,69,77,78
2018-06-18,2,5,8,14,16,17,21,30,31,33,35,40,41,42,43,48,51,63,64,65,73,74
2018-06-21,4,5,6,21,22,24,28,31,33,38,39,40,41,43,48,53,61,62,65,66,70,80
2018-06-25,1,6,17,20,23,25,27,30,35,41,42,47,48,49,53,57,60,64,65,70,74,76
2018-06-28,5,6,11,18,19,21,23,24,26,28,32,36,39,41,46,54,55,56,74,76,78,79
2018-07-02,1,2,6,16,18,20,22,27,35,36,37,40,42,44,46,49,50,56,59,72,76,78
2018-07-05,2,10,12,13,14,16,18,24,27,28,29,38,45,51,52,55,59,62,67,72,75,77
2018-07-09,2,5,6,22,25,27,28,30,37,43,44,45,47,50,53,59,62,67,73,74,79,80
2018-07-12,6,10,19,22,23,31,33,36,46,47,48,51,54,55,56,59,60,63,64,68,78,79
2018-07-16,2,3,12,13,15,17,23,26,28,29,37,40,44,49,50,51,53,55,63,67,69,73
2018-07-19,3,4,7,8,12,15,19,21,24,25,26,30,32,33,39,43,44,61,67,69,70,78
2018-07-23,1,10,14,21,24,25,30,36,41,42,43,48,49,51,54,56,59,60,62,68,71,79
2018-07-26,7,9,20,22,24,25,34,36,39,42,44,47,49,50,55,59,60,61,62,65,66,73
2018-07-30,3,5,8,11,16,19,25,34,41,42,43,45,46,47,49,57,61,62,67,68,69,71
2018-08-02,1,4,20,21,24,28,29,30,31,34,38,39,42,43,44,49,50,51,52,56,67,68
2018-08-06,4,5,8,9,15,22,25,27,28,40,41,45,46,47,50,51,52,58,61,76,78,79
2018-08-09,4,6,11,12,17,23,27,35,36,37,40,43,51,52,53,56,57,62,70,78,79,80
2018-08-13,4,16,30,36,38,39,40,41,44,47,49,50,51,54,57,65,70,72,75,77,78,80
2018-08-16,1,3,5,13,17,22,24,25,33,34,36,41,46,51,53,54,59,66,67,73,75,79
2018-08-20,2,16,23,27,28,29,34,35,40,42,44,45,49,51,53,56,61,71,73,76,79,80
2018-08-23,4,8,10,13,15,16,19,21,27,28,32,34,37,44,48,53,55,58,60,66,67,79
2018-08-27,2,16,24,25,27,31,35,40,44,45,47,48,49,51,53,55,60,68,74,75,76,77
2018-08-30,1,9,11,12,17,18,21,29,32,33,35,37,38,44,51,55,62,63,74,75,77,80
2018-09-03,5,12,13,17,18,19,20,22,29,31,33,46,49,50,52,56,60,66,68,75,76,78
2018-09-06,3,4,7,8,14,15,23,25,29,33,48,49,51,56,58,66,68,69,70,72,75,78
2018-09-10,1,2,6,7,8,13,15,24,26,28,29,33,34,36,38,43,46,55,59,64,73,76
2018-09-13,10,11,16,18,24,27,29,30,31,33,35,36,40,45,49,58,62,66,72,74,75,79
2018-09-17,1,8,13,15,16,18,19,27,28,33,40,47,49,51,52,54,61,65,67,68,73,76
2018-09-20,1,3,9,12,20,21,22,24,27,35,36,38,42,44,54,58,59,61,70,72,76,78
2018-09-24,1,4,7,8,14,18,19,27,32,36,51,52,58,61,64,66,68,73,74,77,78,79
2018-09-27,15,16,17,24,28,33,35,42,43,45,47,48,51,53,56,61,62,63,65,75,78,79
2018-10-01,1,2,6,10,13,17,20,24,36,45,47,48,50,52,57,65,68,69,71,73,74,78
2018-10-04,3,8,11,13,14,23,26,27,34,43,46,52,53,54,56,58,59,61,72,73,75,79
2018-10-08,15,16,26,31,35,38,39,42,45,47,49,51,55,58,59,60,62,71,73,76,78,79
2018-10-11,4,5,10,13,20,23,24,28,36,44,45,47,49,52,54,57,60,66,69,75,77,79
2018-10-15,1,6,8,9,11,13,20,22,27,36,41,44,49,50,53,56,57,58,60,65,67,68
2018-10-18,8,10,13,15,23,24,25,29,32,33,34,36,37,38,41,42,47,58,66,71,75,78
2018-10-22,4,5,6,13,14,17,18,21,22,31,33,35,42,47,49,51,53,56,57,65,69,71
2018-10-25,2,12,17,27,30,31,33,34,39,41,42,43,44,48,49,51,56,57,58,66,69,77
2018-10-29,1,2,6,7,10,14,18,23,24,25,27,28,33,47,49,51,57,60,64,66,67,79
2018-11-01,5,6,7,21,26,28,29,30,32,34,40,41,52,53,54,55,58,69,71,72,78,79
2018-11-05,1,2,4,5,7,8,15,21,22,24,27,31,36,49,50,54,56,57,58,62,64,68
2018-11-08,2,4,5,6,7,9,14,18,32,35,44,52,53,55,58,59,61,62,63,65,72,75
2018-11-12,2,3,8,13,18,21,27,29,32,33,36,44,47,49,50,54,56,60,61,64,70,72
2018-11-15,3,7,8,17,18,22,23,24,32,38,47,48,49,50,58,63,64,66,67,71,73,77
2018-11-19,2,3,9,10,18,19,20,24,30,34,37,40,44,46,52,57,58,60,63,72,77,80
2018-11-22,6,9,13,16,19,25,26,30,31,35,37,41,42,44,47,55,61,63,64,67,74,80
2018-11-26,2,7,10,14,15,18,22,24,26,36,38,42,46,48,53,60,61,62,63,75,78,79
2018-11-29,2,6,7,10,17,21,25,27,29,32,33,40,42,43,47,49,60,63,70,71,74,79
2018-12-03,3,5,9,10,12,20,21,24,27,30,32,33,37,49,53,62,65,69,70,73,74,77
2018-12-06,4,12,14,15,17,20,22,25,31,32,33,38,40,47,48,52,53,58,61,62,68,75
2018-12-10,5,10,13,14,16,17,20,21,23,29,36,37,40,44,46,52,57,63,76,77,78,79
2018-12-13,6,8,10,11,15,16,21,25,26,28,30,34,39,43,47,58,59,63,66,72,79,80
2018-12-17,2,4,5,9,16,21,24,25,26,32,36,37,38,42,50,55,57,58,69,70,73,78
2018-12-20,3,8,18,19,28,29,30,32,34,41,43,49,51,53,57,58,64,66,72,75,78,80
2018-12-24,8,9,13,22,23,24,25,28,30,32,33,35,44,48,49,57,72,73,74,78,79,80
2018-12-27,8,13,19,24,26,30,34,38,40,41,45,47,48,49,51,59,69,70,73,78,79,80
2018-12-31,2,5,7,8,9,12,25,34,36,38,40,42,44,46,47,65,66,68,73,76,77,79
2019-01-03,7,10,12,13,20,25,26,28,29,31,32,43,44,47,48,49,58,64,69,70,71,72
2019-01-07,4,7,13,25,26,31,35,36,38,39,40,42,46,48,50,56,67,70,72,74,76,78
2019-01-10,3,5,9,13,14,26,27,37,41,43,46,47,49,50,51,58,60,64,67,69,72,79
2019-01-14,2,9,13,16,19,22,23,25,26,30,35,36,37,47,49,52,61,72,76,77,78,80
2019-01-17,9,15,16,18,21,24,25,27,30,31,32,35,38,44,45,46,48,52,53,68,78,79
2019-01-21,2,7,8,11,12,14,16,18,28,35,41,42,43,46,48,49,62,66,67,71,75,78
2019-01-24,1,8,11,13,15,26,29,30,33,37,44,45,52,57,59,61,63,67,69,71,75,76
2019-01-28,1,4,5,8,9,12,15,17,21,23,26,29,33,36,40,48,50,51,58,64,69,80
2019-01-31,9,10,11,15,18,21,28,33,36,37,42,43,44,46,56,61,62,65,68,70,79,80
2019-02-04,14,16,20,21,24,25,30,31,43,44,45,46,47,48,49,53,54,62,64,66,70,71
2019-02-07,6,15,16,17,18,21,24,25,27,29,32,33,40,43,45,48,60,67,68,70,71,80
2019-02-11,1,3,7,9,12,18,27,28,29,30,31,32,34,44,60,65,66,69,73,74,77,80
2019-02-14,4,7,9,15,20,22,24,27,31,32,33,36,37,43,46,51,62,65,70,71,76,78
2019-02-18,2,3,6,11,18,28,31,33,34,35,36,39,40,43,49,53,56,62,71,75,78,80
2019-02-21,1,2,5,7,9,10,24,26,31,34,36,40,42,43,49,62,70,71,75,77,78,80
2019-02-25,1,2,9,10,11,13,15,23,32,34,36,38,49,53,58,65,66,67,69,74,76,79
2019-02-28,1,3,6,12,20,24,28,33,34,41,43,44,46,48,49,50,54,56,62,63,66,73
2019-03-04,2,3,4,6,8,14,21,23,25,26,28,35,36,47,49,53,57,62,65,67,69,74
2019-03-07,3,8,10,14,17,18,20,21,22,25,29,34,44,48,49,54,56,61,67,71,74,75
2019-03-11,2,3,5,6,19,23,24,25,27,36,42,54,55,60,62,63,68,71,72,73,77,79
2019-03-14,2,4,7,9,21,24,25,32,36,42,43,46,47,50,51,54,64,65,67,75,78,80
2019-03-18,3,8,13,14,17,19,23,28,30,35,40,43,51,52,58,59,66,68,70,75,76,77
2019-03-21,1,9,12,14,15,19,21,24,27,28,31,32,33,36,40,49,53,57,59,66,73,75
2019-03-25,6,7,10,11,15,20,21,22,30,32,35,36,37,41,45,46,48,71,72,74,75,76
2019-03-28,8,9,10,17,18,19,22,35,36,38,44,49,53,57,58,59,61,63,70,71,75,79
2019-04-01,2,3,7,13,21,22,23,26,27,34,38,40,42,48,51,53,61,65,66,69,74,80
2019-04-04,8,15,24,25,36,37,41,43,45,46,51,55,57,61,63,66,71,72,74,76,78,79
2019-04-08,2,4,7,10,12,18,25,32,33,38,45,49,50,53,58,64,65,71,72,73,77,80
2019-04-11,2,13,14,15,20,27,28,32,33,38,39,40,41,43,47,48,49,50,62,65,72,74
2019-04-15,1,9,15,16,18,20,21,27,29,32,48,49,53,59,62,63,66,69,71,73,77,78
2019-04-18,1,2,6,7,11,13,17,23,29,30,33,38,47,49,51,55,68,72,73,74,78,79
2019-04-22,8,9,10,13,15,22,24,27,29,30,33,35,36,38,44,45,46,57,59,63,74,78
2019-04-25,3,11,12,13,16,24,25,26,35,38,44,47,49,51,52,53,59,65,73,75,76,80
2019-04-29,2,9,10,17,18,20,30,32,33,34,37,42,44,46,56,60,64,65,67,70,71,72
2019-05-02,1,6,10,22,24,29,30,32,34,43,44,47,49,53,58,63,65,68,71,74,76,79
2019-05-06,3,11,13,14,30,34,36,37,38,43,45,47,49,54,56,62,63,71,73,76,77,78
2019-05-09,1,4,6,10,20,22,24,26,29,34,36,48,53,56,59,61,62,64,65,67,70,80
2019-05-13,2,8,10,11,12,14,15,29,30,31,47,50,51,54,56,58,59,66,69,71,79,80
2019-05-16,1,6,12,13,21,25,27,33,38,43,44,48,49,50,53,55,59,61,65,69,71,76
2019-05-20,3,5,6,8,9,20,26,28,32,33,37,45,46,47,50,58,66,67,70,77,78,79
2019-05-23,1,4,5,12,14,17,18,23,33,34,36,37,42,47,53,57,62,65,73,75,77,79
2019-05-27,13,14,18,21,23,26,28,32,37,39,40,41,43,44,46,47,49,54,59,70,71,77
2019-05-30,13,15,18,19,29,32,38,40,41,42,43,48,49,51,59,60,61,71,73,74,75,77
2019-06-03,4,9,13,20,29,30,37,42,43,45,51,52,53,55,56,61,63,65,68,70,78,79
2019-06-06,1,3,10,11,28,30,34,43,45,46,48,49,51,52,53,55,65,68,70,72,74,80
2019-06-10,2,7,13,20,23,27,29,31,33,47,48,52,53,57,62,65,67,70,73,77,78,79
2019-06-13,1,6,8,12,13,19,20,30,35,36,38,44,51,57,58,60,63,64,65,66,68,73
2019-06-17,4,8,10,11,12,14,21,27,29,33,35,38,40,44,46,48,53,60,65,72,74,77
2019-06-20,5,8,9,10,11,12,16,21,23,30,32,33,34,37,38,44,49,57,59,69,71,72
2019-06-24,5,12,15,18,22,23,24,27,29,31,32,36,43,45,52,54,55,61,64,76,77,79
2019-06-27,5,9,19,23,25,30,31,35,40,44,46,51,53,54,55,57,58,61,74,77,78,79
2019-07-01,1,2,4,12,16,20,23,26,32,40,43,45,47,48,49,53,55,59,63,70,72,79
2019-07-04,1,2,4,9,25,26,32,33,34,41,42,47,51,58,60,63,64,66,70,72,73,80
2019-07-08,1,3,4,15,18,19,21,22,23,26,30,35,38,50,55,58,59,65,66,70,72,80
2019-07-11,10,11,15,17,21,23,25,28,29,31,34,40,47,48,57,59,64,69,70,71,78,79
2019-07-15,1,7,9,24,30,31,33,36,40,42,47,48,51,52,54,55,57,59,61,62,69,79
2019-07-18,8,9,12,21,23,27,37,41,42,45,54,59,63,68,70,71,73,74,75,77,79,80
2019-07-22,14,15,16,21,24,25,32,33,37,38,39,42,46,47,54,55,60,66,67,70,71,73
2019-07-25,3,7,13,19,26,31,34,39,40,41,48,50,52,54,57,59,61,66,67,69,75,77
2019-07-29,12,14,15,25,26,27,28,36,43,45,58,60,62,63,67,68,70,74,76,78,79,80
2019-08-01,9,10,12,20,22,23,24,26,30,31,34,37,43,44,48,52,53,57,60,64,69,75
2019-08-05,2,3,7,8,9,12,14,15,17,21,22,30,33,34,42,43,49,50,56,66,72,75
2019-08-08,3,4,10,12,17,21,22,23,25,28,30,39,42,43,52,53,57,58,59,65,66,70
2019-08-12,6,7,9,14,18,27,29,32,33,34,35,40,45,49,56,64,65,68,70,76,78,79
2019-08-15,2,9,12,16,17,22,24,29,30,34,38,42,48,49,52,53,54,58,60,63,75,76
2019-08-19,1,2,3,6,18,21,26,37,38,43,47,48,51,58,60,62,65,68,69,71,73,77
2019-08-22,2,7,19,22,32,36,38,47,51,53,55,56,60,62,64,69,70,72,73,74,76,79
2019-08-26,1,9,13,15,16,18,24,25,30,31,35,39,43,44,51,56,61,70,72,74,78,80
2019-08-29,1,2,4,12,13,17,18,19,20,21,27,28,31,33,34,39,48,49,58,71,75,78
2019-09-02,2,5,11,13,18,20,25,26,27,29,31,32,38,42,47,49,60,62,63,68,72,76
2019-09-05,2,3,6,7,8,14,32,38,39,41,42,44,46,47,49,60,61,62,65,66,68,72
2019-09-09,1,11,14,19,21,29,34,38,42,43,46,47,51,59,63,65,67,69,76,77,78,79
2019-09-12,1,14,17,18,23,25,28,36,40,44,45,46,50,53,54,55,58,59,66,67,68,71
2019-09-16,1,6,12,23,26,27,28,31,33,34,39,44,47,52,54,59,60,67,68,70,78,80
2019-09-19,7,12,14,18,23,27,31,33,43,44,46,49,50,52,53,62,63,64,70,73,78,80
2019-09-23,1,4,6,8,13,19,27,30,32,33,35,39,43,49,53,59,61,62,65,69,72,75
2019-09-26,6,16,21,22,25,30,36,44,45,49,50,53,57,59,61,66,72,73,74,75,78,80
2019-09-30,3,10,11,15,22,23,24,25,28,29,31,33,34,40,41,42,53,59,62,71,72,78
2019-10-03,4,7,13,15,21,24,25,31,34,39,40,44,46,49,50,56,61,62,67,70,74,75
2019-10-07,2,4,11,13,15,17,22,23,30,37,38,40,46,50,51,52,56,67,71,74,75,79
2019-10-10,17,22,23,25,29,31,34,37,39,45,49,54,56,60,62,63,66,70,71,72,78,80
2019-10-14,3,7,8,10,19,20,26,28,32,35,39,44,46,49,51,53,54,59,67,72,77,79
2019-10-17,1,2,6,8,9,11,16,17,23,24,26,27,38,40,48,54,58,60,66,72,75,77
2019-10-21,5,8,11,13,20,25,34,37,44,48,51,54,57,60,63,65,69,71,74,75,76,78
2019-10-24,1,2,9,10,11,12,14,17,25,26,29,33,34,36,41,50,60,63,71,73,77,79
2019-10-28,3,5,9,10,13,17,20,21,34,35,36,38,43,46,47,52,62,67,68,69,75,78
2019-10-31,1,2,10,15,21,24,29,33,40,41,42,43,44,48,53,55,56,59,61,64,65,77
2019-11-04,2,9,12,15,20,21,23,26,27,30,36,38,42,43,47,48,53,60,68,70,74,76
2019-11-07,1,5,8,13,18,28,31,32,33,37,39,40,51,54,59,63,68,69,71,77,79,80
2019-11-11,14,15,16,22,24,25,27,32,33,36,43,44,54,55,56,58,60,61,65,73,77,79
2019-11-14,15,16,18,19,22,25,29,30,32,34,39,44,45,46,49,67,68,70,71,75,78,79
2019-11-18,3,10,12,13,14,16,19,21,22,29,38,46,48,52,57,58,59,61,65,71,74,78
2019-11-21,1,6,9,12,17,18,21,34,38,40,42,44,49,50,51,52,64,70,75,77,78,79
2019-11-25,4,8,12,13,16,17,27,31,33,38,41,43,46,49,51,66,68,71,73,74,79,80
2019-11-28,3,8,9,15,18,19,20,21,25,28,30,36,40,43,46,49,57,61,64,69,71,72
2019-12-02,2,4,7,9,10,12,14,16,18,20,34,42,45,51,55,56,61,62,65,69,76,79
2019-12-05,1,6,8,15,20,23,24,25,31,36,39,42,45,46,49,50,54,55,56,58,65,75
2019-12-09,6,13,21,24,27,29,31,34,35,36,39,44,53,55,57,59,63,66,68,77,79,80
2019-12-12,1,4,7,8,10,11,17,21,26,27,29,32,36,37,40,44,47,50,60,64,67,73
2019-12-16,3,7,14,16,35,37,39,40,46,47,51,56,60,61,62,66,68,69,71,75,76,78
2019-12-19,1,2,13,22,24,26,27,32,35,40,42,46,47,51,54,59,62,65,67,68,71,78
2019-12-23,2,10,17,26,38,39,40,46,50,56,57,58,59,61,63,66,68,71,72,74,75,79
2019-12-26,1,9,14,17,21,24,26,30,33,36,41,49,53,60,62,63,66,68,69,74,76,78
2019-12-30,12,20,22,24,25,26,29,30,34,35,36,37,44,48,49,53,54,58,60,65,74,79
2020-01-02,14,20,24,27,29,30,31,34,36,39,42,43,53,56,60,63,67,69,70,74,79,80
2020-01-06,3,6,8,13,14,15,22,24,25,31,32,38,42,43,46,47,52,58,64,68,75,76
2020-01-09,1,3,7,8,13,14,15,19,26,40,41,47,50,52,53,58,60,62,71,73,78,79
2020-01-13,9,10,13,17,26,27,31,35,39,40,42,45,49,51,55,57,62,68,72,75,79,80
2020-01-16,4,6,10,12,13,15,18,22,33,37,40,41,42,44,46,48,50,53,55,58,73,78
2020-01-20,3,5,10,13,14,17,18,20,22,24,28,29,31,34,39,41,43,50,54,58,64,71
2020-01-23,7,10,12,18,20,22,27,35,40,42,43,47,48,49,58,62,67,71,72,75,77,78
2020-01-27,10,12,23,26,30,32,37,39,41,44,51,52,55,56,60,61,64,65,67,68,70,74
2020-01-30,1,2,4,10,14,15,22,29,35,36,42,47,48,52,54,60,62,64,67,69,70,79
2020-02-03,14,24,26,27,29,32,34,42,44,49,56,59,60,61,62,63,64,65,66,74,78,79
2020-02-06,8,14,17,23,25,32,35,40,44,46,47,52,58,63,64,66,67,72,73,74,75,80
2020-02-10,3,8,14,20,22,23,25,28,29,33,43,44,56,63,65,66,68,71,72,76,79,80
2020-02-13,2,8,10,14,17,22,23,30,34,37,40,41,44,47,53,55,59,60,65,69,77,78
2020-02-17,7,8,12,13,14,16,17,19,24,25,33,34,35,37,41,42,43,47,52,54,72,79
2020-02-20,3,11,20,22,23,25,27,28,32,34,35,40,44,47,52,53,59,65,66,68,69,78
2020-02-24,1,3,9,15,18,19,20,23,29,40,42,43,47,49,53,54,55,58,68,70,72,79
2020-02-27,4,6,10,13,17,25,28,30,32,36,40,44,47,51,56,63,65,67,70,72,76,78
2020-03-02,1,4,6,9,10,11,12,14,15,20,21,22,35,47,51,59,61,65,70,72,79,80
2020-03-05,5,7,15,16,18,20,21,33,36,38,41,44,48,49,55,58,60,70,71,75,78,79
2020-03-09,7,8,9,12,16,24,28,35,36,43,45,48,50,53,58,60,63,69,71,72,75,78
2020-03-12,4,14,15,17,25,29,30,35,36,38,42,43,44,47,53,57,59,60,61,68,77,80
2020-03-16,2,9,10,15,17,19,24,30,34,38,39,43,44,46,47,50,55,57,70,71,73,77
2020-03-19,10,15,20,21,29,31,34,36,38,40,41,46,47,48,51,53,54,55,66,67,75,79
2020-03-23,1,3,15,16,17,19,20,22,23,25,27,37,38,46,47,48,55,56,59,60,71,74
2020-03-26,2,7,11,24,26,30,31,33,35,36,39,42,43,49,52,53,68,69,70,74,76,79
2020-03-30,1,10,14,16,17,28,29,32,33,36,41,44,46,47,49,51,53,54,57,68,70,78
2020-04-02,1,3,5,14,17,26,27,30,37,38,41,43,50,51,54,56,58,60,61,65,69,72
2020-04-06,1,7,9,16,18,25,29,33,34,36,37,38,40,47,48,50,56,62,63,69,72,79
2020-04-09,3,4,11,12,15,18,23,26,28,31,37,39,44,48,49,60,61,65,67,68,75,79
2020-04-13,1,2,3,5,9,13,20,28,29,30,39,42,43,51,56,57,64,66,70,71,73,80
2020-04-16,1,2,3,6,12,14,20,23,26,27,33,38,42,45,51,59,63,66,72,74,76,79
2020-04-20,5,13,15,19,22,26,30,32,44,46,48,50,53,54,57,59,60,62,65,73,77,79
2020-04-23,1,2,9,16,17,20,21,31,32,34,35,38,43,49,50,59,62,65,67,75,77,79
2020-04-27,8,12,13,16,18,20,24,26,27,32,40,42,43,47,50,56,61,67,70,73,76,79
2020-04-30,3,7,9,10,12,24,25,27,28,29,44,45,49,52,53,56,59,64,68,71,77,79
2020-05-04,6,12,21,24,25,26,29,31,33,36,37,43,44,47,48,51,54,58,68,74,75,77
2020-05-07,1,2,19,22,30,31,33,40,44,46,49,50,53,57,58,63,67,68,72,73,75,77
2020-05-11,1,7,8,9,11,13,16,17,21,26,40,41,43,45,46,59,61,62,64,67,72,79
2020-05-14,2,4,12,18,21,30,35,37,38,47,49,51,52,53,56,57,60,63,67,71,79,80
2020-05-18,1,2,3,7,10,13,18,20,23,28,37,38,39,41,44,47,51,56,60,65,76,78
2020-05-21,6,10,17,22,24,25,34,38,43,45,49,55,57,62,68,69,70,71,73,76,77,78
2020-05-25,3,5,6,7,15,20,25,27,32,34,35,36,44,45,47,51,55,60,68,69,70,77
2020-05-28,6,13,15,16,17,20,21,22,25,26,27,28,32,34,36,44,50,52,53,59,66,71
2020-06-01,3,4,7,8,17,20,22,27,29,30,31,34,37,39,40,41,53,54,69,70,71,76
2020-06-04,3,5,6,16,26,32,37,42,44,50,51,53,54,56,57,59,60,65,67,68,74,75
2020-06-08,9,10,11,12,16,21,31,33,35,36,38,40,42,44,45,54,57,62,73,75,76,79
2020-06-11,2,4,7,21,26,32,36,37,41,44,46,49,54,57,60,65,66,67,68,70,72,77
2020-06-15,1,8,9,10,12,14,17,18,22,26,32,36,46,49,52,53,57,62,67,68,70,75
2020-06-18,1,3,8,10,11,12,17,18,20,23,24,29,32,42,44,47,53,55,62,65,71,73
2020-06-22,2,3,7,10,12,15,25,26,27,29,30,38,39,40,42,44,50,54,55,72,73,79
2020-06-25,5,8,9,13,22,26,27,29,39,44,45,46,47,49,52,53,56,57,62,68,76,79
2020-06-29,2,4,6,10,14,15,16,33,36,37,41,44,47,56,57,61,62,63,67,73,77,79
2020-07-02,3,4,8,14,29,32,38,41,44,51,53,57,61,62,67,69,72,74,76,77,78,80
2020-07-06,8,9,10,12,17,21,26,27,28,31,34,40,42,48,51,53,54,71,74,76,78,79
2020-07-09,1,5,7,16,23,24,35,37,38,42,44,46,48,50,52,53,63,64,68,71,77,79
2020-07-13,2,3,6,10,12,15,18,24,25,31,33,35,39,48,51,53,59,62,63,68,73,76
2020-07-16,2,8,13,14,26,27,30,39,42,44,51,57,59,60,62,66,67,68,71,73,75,79
2020-07-20,1,3,8,9,13,14,15,24,33,34,38,42,47,49,50,56,58,61,67,69,77,79
2020-07-23,5,6,7,12,22,23,25,26,38,41,42,46,53,55,58,63,66,71,74,75,78,80
2020-07-27,8,11,17,26,29,32,34,42,46,47,49,54,56,58,59,63,64,67,68,69,77,78
2020-07-30,9,15,16,24,27,36,38,40,46,53,55,56,58,59,62,65,69,70,71,76,78,80
2020-08-03,3,4,7,9,17,19,22,25,26,28,29,33,39,40,42,51,53,56,60,71,74,78
2020-08-06,2,8,9,10,18,20,21,23,24,25,27,38,40,44,53,59,63,65,66,68,71,80
2020-08-10,1,8,13,16,18,24,25,28,30,32,33,34,40,45,50,58,60,63,67,70,73,74
2020-08-13,3,4,6,9,12,13,17,23,25,27,29,35,40,49,50,51,52,55,70,71,77,79
2020-08-17,6,10,19,20,21,24,26,31,39,40,45,46,47,52,53,62,63,64,68,69,76,77
2020-08-20,1,8,9,11,13,16,17,22,34,35,38,40,46,47,48,50,51,55,67,75,77,79
2020-08-24,1,14,15,21,24,25,26,29,37,38,42,44,45,51,52,55,56,58,62,68,71,73
2020-08-27,7,18,21,26,27,28,35,36,41,42,45,47,53,57,58,59,65,67,68,70,77,80
2020-08-31,4,7,8,13,16,22,24,31,34,36,48,50,54,55,56,57,59,64,65,66,71,77
2020-09-03,2,14,15,18,21,23,25,27,28,32,33,34,37,44,45,46,60,64,65,68,78,80
2020-09-07,12,16,17,21,26,27,29,35,36,41,44,47,49,51,52,54,61,62,64,68,76,78
2020-09-10,4,9,12,14,22,26,27,28,29,37,39,41,44,50,54,57,58,60,61,73,74,77
2020-09-14,2,4,7,10,13,17,20,21,24,25,32,35,36,37,38,42,43,44,46,52,53,78
2020-09-17,6,11,13,14,16,18,27,31,36,41,45,49,52,53,54,56,57,58,59,66,72,80
2020-09-21,1,3,7,9,16,17,21,24,26,28,30,39,45,49,50,57,61,63,66,70,73,79
2020-09-24,3,4,7,12,13,14,17,22,26,31,36,48,54,61,63,67,70,73,75,76,77,78
2020-09-28,3,4,8,13,16,17,18,20,23,31,34,35,36,44,47,61,65,66,72,74,76,79
2020-10-01,1,2,12,16,17,26,27,30,43,44,45,48,49,52,53,58,61,66,69,73,78,79
2020-10-05,1,3,9,10,19,21,26,29,32,34,35,36,37,40,44,57,60,61,62,64,66,67
2020-10-08,2,3,7,8,17,19,23,26,33,35,37,42,48,53,55,64,66,68,70,74,77,78
2020-10-12,5,9,14,16,20,21,22,25,26,28,31,32,40,47,49,53,55,58,66,72,75,77
2020-10-15,2,5,6,8,12,18,22,25,26,28,30,36,42,51,54,55,58,67,69,72,78,79
2020-10-19,3,13,16,22,24,25,29,33,36,41,44,52,53,54,55,58,59,65,68,77,78,79
2020-10-22,2,3,4,8,9,15,16,20,23,24,26,41,44,50,53,56,64,65,69,71,77,79
2020-10-26,3,5,8,9,20,27,29,32,35,36,37,38,50,52,53,57,60,65,66,68,70,78
2020-10-29,1,15,20,24,25,28,38,39,40,41,44,46,49,53,56,57,60,63,69,71,74,79
2020-11-02,1,3,8,9,10,14,16,17,19,28,29,34,39,45,49,50,61,62,65,66,78,80
2020-11-05,2,3,4,8,11,12,15,18,21,23,26,30,35,37,41,52,55,57,63,72,73,80
2020-11-09,2,3,6,11,12,13,19,23,25,26,29,34,36,50,55,58,62,64,69,71,73,77
2020-11-12,3,4,12,15,20,23,24,32,36,40,47,49,51,53,54,57,59,61,65,77,79,80
2020-11-16,2,10,20,23,27,28,31,34,36,46,49,50,55,58,62,64,66,70,73,74,78,79
2020-11-19,2,16,20,28,33,34,35,38,41,43,52,53,56,61,62,63,64,65,72,74,78,79
2020-11-23,7,9,14,17,19,23,25,26,28,34,36,37,47,52,59,64,65,67,69,72,78,80
2020-11-26,1,3,13,14,16,22,25,27,29,30,38,42,45,47,50,53,56,57,62,71,72,75
2020-11-30,3,11,15,17,18,20,26,27,29,30,34,36,37,39,40,50,52,56,60,64,66,76
2020-12-03,8,15,16,17,22,28,31,35,40,42,46,53,54,57,58,63,66,67,73,74,78,79
2020-12-07,1,4,10,18,24,26,33,39,40,41,44,47,48,49,53,57,59,66,68,74,77,80
2020-12-10,1,5,10,12,13,18,22,23,32,36,39,44,46,47,63,67,68,70,72,73,74,79
2020-12-14,1,4,13,17,25,28,33,34,36,37,45,47,49,58,61,62,66,69,71,72,74,75
2020-12-17,6,9,10,15,20,22,26,29,30,32,33,36,43,49,51,52,56,57,62,65,67,75
2020-12-21,1,2,5,9,21,22,23,24,34,41,44,45,46,47,49,55,65,66,69,72,74,75
2020-12-24,3,5,9,13,14,15,16,17,23,24,25,37,42,44,46,47,55,58,60,63,77,78
2020-12-28,2,3,7,14,17,18,20,27,29,35,54,55,57,60,62,63,65,67,70,71,74,78
2020-12-31,1,2,3,6,9,16,24,27,31,36,39,40,42,46,50,52,56,57,64,70,72,78
2021-01-04,3,4,5,10,14,16,18,29,34,35,37,44,55,61,62,64,65,68,70,72,75,78
2021-01-07,1,3,6,9,21,25,26,29,30,31,35,39,41,42,49,51,59,60,68,69,74,77
2021-01-11,3,12,15,16,17,20,24,27,40,47,51,53,57,60,63,67,68,69,71,73,76,78
2021-01-14,3,4,8,16,20,21,27,30,44,47,49,50,52,55,57,60,61,67,72,73,78,79
2021-01-18,1,2,13,16,17,19,23,24,28,37,38,41,47,49,54,58,59,61,65,72,74,80
2021-01-21,2,3,14,15,16,29,34,38,39,44,46,49,50,54,56,57,58,60,65,67,70,75
2021-01-25,12,15,18,21,22,24,26,27,28,35,37,41,44,45,51,53,67,68,71,72,76,80
2021-01-28,3,8,12,13,22,28,35,50,51,54,55,56,59,63,67,70,71,73,76,77,78,80
2021-02-01,3,9,11,13,18,23,29,34,35,36,40,41,44,46,49,50,54,61,63,70,75,79
2021-02-04,4,6,8,18,20,22,25,30,31,36,43,48,53,54,57,63,64,65,68,71,72,76
2021-02-08,2,4,5,14,15,16,17,22,23,28,30,33,39,45,46,48,49,51,62,72,77,79
2021-02-11,2,3,4,12,17,18,20,21,29,32,35,37,43,48,57,59,60,64,66,73,74,77
2021-02-15,2,3,9,15,16,24,27,30,32,36,38,48,50,55,56,58,61,65,70,71,73,79
2021-02-18,7,9,17,18,21,23,25,27,29,31,33,34,40,42,45,53,55,58,66,76,79,80
2021-02-22,1,2,3,12,13,15,19,20,23,24,26,27,28,32,34,57,58,64,67,70,71,75
2021-02-25,7,13,15,18,22,28,35,36,40,43,46,49,53,55,58,62,69,71,74,78,79,80
2021-03-01,13,14,17,21,23,24,25,28,38,43,44,45,48,49,50,51,57,58,62,65,71,78
2021-03-04,3,4,10,15,17,34,40,41,43,44,45,48,53,58,61,62,63,64,65,70,73,77
2021-03-08,1,2,3,5,14,16,23,26,28,31,34,38,42,44,50,53,59,61,68,72,73,74
2021-03-11,4,5,12,13,14,16,19,24,26,30,33,36,40,45,47,49,64,71,72,74,75,78
2021-03-15,5,9,13,15,17,18,24,25,29,30,33,36,39,41,42,49,57,58,59,68,70,80
2021-03-18,2,3,4,6,8,12,14,15,17,26,27,28,29,34,35,51,52,53,55,59,73,74
2021-03-22,1,3,7,8,16,17,18,19,23,32,33,40,43,44,54,55,61,66,67,69,70,74
2021-03-25,7,9,18,22,30,37,39,41,42,45,46,47,48,49,54,62,65,68,76,78,79,80
2021-03-29,2,3,4,9,14,16,17,24,25,29,30,32,38,40,47,50,54,61,63,70,72,78
2021-04-01,1,7,21,24,35,37,38,39,40,42,44,52,55,56,57,63,64,67,68,75,78,79
2021-04-05,1,3,15,17,21,23,25,26,27,32,38,43,44,48,49,52,54,59,63,64,65,79
2021-04-08,7,10,11,13,17,19,23,29,31,32,33,40,51,56,58,60,62,67,69,70,71,80
2021-04-12,10,15,21,24,25,27,28,30,33,35,44,46,49,53,55,58,60,73,74,78,79,80
2021-04-15,5,8,10,11,13,16,17,21,26,29,32,38,39,48,49,53,54,62,66,71,73,78
2021-04-19,3,7,8,10,15,17,22,24,29,31,35,36,39,41,45,47,48,49,57,65,74,77
2021-04-22,2,3,6,14,16,22,23,25,34,42,46,49,51,52,59,61,66,69,70,77,78,79
2021-04-26,13,15,17,22,23,24,29,33,40,41,43,44,46,53,57,59,63,65,67,68,69,79
2021-04-29,3,4,5,10,11,26,28,39,40,42,44,52,53,63,64,66,68,70,74,77,78,79
2021-05-03,9,10,11,19,22,25,28,35,37,40,43,44,53,57,61,64,65,67,68,70,77,80
2021-05-06,2,8,12,15,16,19,31,32,34,35,36,39,43,45,49,54,64,65,66,67,69,75
2021-05-10,1,3,6,12,14,15,18,24,30,31,33,36,43,44,51,54,57,58,63,68,74,75
2021-05-13,2,3,8,13,21,22,26,28,31,32,42,46,49,50,57,59,60,61,67,70,75,77
2021-05-17,1,6,8,9,10,12,13,14,18,19,30,36,40,41,42,44,46,53,54,57,68,78
2021-05-20,2,3,4,5,9,16,17,24,26,27,29,36,37,39,42,44,60,65,68,72,74,79
2021-05-24,6,12,13,19,21,27,30,31,34,35,36,37,42,49,50,52,59,61,69,71,76,78
2021-05-27,3,6,14,19,25,26,33,38,42,43,49,50,53,54,55,57,61,62,66,73,74,80
2021-05-31,2,8,9,18,19,34,35,36,43,45,46,48,52,56,60,63,65,66,67,68,74,77
2021-06-03,3,7,9,12,17,18,19,22,30,31,32,35,36,45,47,49,50,57,60,61,66,77
2021-06-07,2,3,4,5,7,8,15,22,24,25,35,41,49,52,55,56,58,61,71,75,77,80
2021-06-10,2,15,16,20,32,34,35,42,44,46,49,51,55,56,58,61,62,70,75,77,78,80
2021-06-14,1,2,3,6,8,12,14,24,30,33,34,36,44,45,49,50,52,54,56,61,70,80
2021-06-17,2,8,9,10,12,13,16,19,20,25,26,35,41,45,46,53,54,63,72,75,77,79
2021-06-21,1,5,6,15,25,27,34,40,41,42,44,45,51,57,59,65,70,71,74,75,78,80
2021-06-24,2,4,6,14,23,25,31,40,41,46,49,51,52,53,58,63,73,75,77,78,79,80
2021-06-28,7,9,13,15,18,19,20,23,27,30,33,34,42,46,49,53,56,63,65,67,68,70
2021-07-01,16,20,23,26,28,39,47,49,51,53,54,55,56,59,60,61,66,67,68,69,71,73
2021-07-05,1,3,4,9,13,14,19,25,29,38,45,50,51,53,56,58,59,60,68,70,71,73
2021-07-08,6,7,9,10,15,16,19,24,25,31,32,36,37,39,41,47,58,64,74,75,76,80
2021-07-12,2,11,13,18,22,34,42,43,44,46,47,50,53,55,63,64,65,66,67,68,75,77
2021-07-15,1,7,8,9,24,25,28,32,36,37,38,39,41,44,49,51,55,56,65,68,69,76
2021-07-19,2,3,6,14,15,20,22,30,36,37,43,55,58,60,62,63,65,66,68,70,72,77
2021-07-22,5,13,15,20,22,27,28,37,41,43,47,48,52,56,57,60,71,72,74,75,77,78
2021-07-26,4,6,8,12,16,17,25,27,29,39,44,46,49,53,55,58,59,60,68,69,72,73
2021-07-29,6,8,14,15,16,21,22,25,28,30,31,32,35,43,44,52,54,57,58,59,73,74
2021-08-02,5,14,20,24,29,35,41,42,47,48,49,52,58,60,61,67,68,70,71,73,76,78
2021-08-05,1,2,20,23,24,29,32,41,44,47,48,53,54,56,58,61,65,68,71,73,74,80
2021-08-09,1,9,10,12,15,17,25,30,33,35,37,38,39,40,43,47,58,59,64,70,79,80
2021-08-12,2,3,7,11,15,16,17,20,21,22,23,30,32,38,43,47,53,54,68,74,78,80
2021-08-16,3,8,11,12,18,20,22,24,30,32,36,37,38,41,49,53,54,57,59,74,75,78
2021-08-19,3,4,13,19,20,21,22,31,32,39,44,49,50,52,54,58,63,68,69,71,75,80
2021-08-23,2,3,9,10,12,13,14,17,19,26,35,40,43,46,49,52,54,66,68,72,77,79
2021-08-26,3,9,10,15,16,25,26,27,30,36,47,48,53,54,55,56,58,60,61,71,72,77
2021-08-30,3,4,7,13,15,18,21,22,27,43,44,45,47,49,53,58,61,63,65,67,70,75
2021-09-02,2,4,8,9,16,23,24,28,33,42,49,56,57,62,65,67,71,72,74,77,78,79
2021-09-06,15,16,19,21,23,26,29,30,31,32,34,42,44,46,51,54,56,60,72,73,74,75
2021-09-09,6,9,10,20,21,35,36,40,44,49,53,54,56,57,59,60,64,67,72,74,77,80
2021-09-13,10,18,25,28,29,33,34,38,45,53,54,56,58,59,60,68,69,70,71,76,77,79
2021-09-16,8,9,20,23,24,26,30,32,33,34,37,40,41,43,48,55,58,70,72,73,77,79
2021-09-20,1,3,5,9,13,17,20,22,25,26,27,30,31,39,40,47,55,56,60,61,74,75
2021-09-23,1,4,6,12,14,16,18,20,28,29,36,40,44,48,52,60,65,66,69,73,74,79
2021-09-27,9,10,11,20,23,24,26,30,35,38,40,49,50,51,53,55,56,67,70,73,75,77
2021-09-30,1,6,8,12,17,27,29,31,33,34,41,44,47,48,50,56,58,59,70,72,74,75
2021-10-04,1,3,6,10,14,16,18,20,21,22,24,29,31,42,44,48,52,58,62,63,77,79
2021-10-07,2,4,6,15,16,22,25,27,30,34,35,36,38,40,41,42,46,52,53,56,60,78
2021-10-11,5,8,15,23,33,34,36,46,48,49,50,52,54,55,59,65,67,70,72,74,78,79
2021-10-14,2,5,12,13,14,18,23,31,32,33,36,46,49,51,55,56,58,60,68,72,76,79
2021-10-18,8,9,10,15,18,28,29,30,33,43,47,49,50,51,52,53,60,69,75,76,78,80
2021-10-21,1,12,27,30,31,33,38,42,47,49,50,53,58,59,63,66,67,73,74,75,76,78
2021-10-25,1,2,21,23,24,27,29,30,34,35,37,39,40,47,48,53,61,66,68,70,75,77
2021-10-28,10,11,12,13,19,25,26,27,28,29,34,36,40,43,50,55,56,65,66,75,78,79
2021-11-01,1,3,8,9,14,24,27,30,36,37,43,44,53,54,70,72,73,75,76,78,79,80
2021-11-04,3,5,6,12,17,20,22,25,29,32,35,37,41,42,43,44,47,51,55,56,67,75
2021-11-08,3,12,15,19,20,21,26,27,28,45,47,48,49,53,55,57,62,64,67,73,77,80
2021-11-11,1,3,10,13,14,15,18,22,24,28,29,33,36,40,48,52,61,64,69,75,79,80
2021-11-15,2,4,18,20,28,32,36,44,47,54,55,56,57,60,67,70,71,72,73,75,76,80
2021-11-18,2,5,7,9,13,14,15,20,25,31,37,39,40,42,48,57,58,70,72,74,78,80
2021-11-22,2,10,12,16,19,21,24,26,29,32,34,37,44,46,47,55,56,57,59,68,70,74
2021-11-25,4,7,8,17,18,19,23,25,30,36,38,41,42,43,47,53,57,62,63,77,78,80
2021-11-29,6,11,15,16,22,26,28,37,38,44,48,54,55,57,68,71,72,73,74,75,79,80
2021-12-02,4,8,12,17,23,24,25,30,31,33,38,39,41,54,55,59,60,62,63,65,73,74
2021-12-06,3,13,17,18,24,25,30,33,34,40,42,45,49,50,53,54,61,65,71,77,79,80
2021-12-09,3,4,7,8,16,20,26,28,33,38,44,46,47,50,51,52,62,65,67,73,77,79
2021-12-13,8,14,21,22,26,28,32,36,37,46,48,53,56,61,62,63,66,68,70,71,73,79
2021-12-16,12,13,20,24,27,35,37,41,42,43,49,50,51,52,54,56,67,72,73,75,78,80
2021-12-20,1,3,4,9,19,31,34,37,41,45,46,51,53,56,57,62,69,72,74,78,79,80
2021-12-23,3,8,14,19,22,23,36,37,38,40,42,43,47,50,51,53,55,58,61,70,73,77
2021-12-27,2,4,9,11,15,18,25,29,34,40,41,44,50,52,53,55,57,58,61,69,71,77
2021-12-30,2,3,16,18,20,22,24,25,33,34,36,37,44,45,47,51,55,65,70,73,75,76
2022-01-03,9,10,13,17,18,22,23,28,32,43,55,57,62,65,66,68,69,73,74,75,76,78
2022-01-06,4,8,14,17,23,24,26,31,34,36,37,44,47,48,50,55,56,64,70,72,73,78
2022-01-10,3,9,15,24,25,26,32,33,34,36,40,49,52,56,57,60,65,66,67,69,78,80
2022-01-13,8,11,16,17,21,29,34,36,37,44,47,49,51,57,58,59,61,63,68,75,78,79
2022-01-17,2,5,16,18,23,24,25,26,32,34,37,38,40,41,44,50,54,56,67,70,73,80
2022-01-20,2,4,7,8,10,12,18,25,30,34,37,40,42,47,58,61,68,69,70,74,76,80
2022-01-24,4,6,8,10,15,22,25,26,27,30,32,40,44,49,53,54,57,58,59,73,79,80
2022-01-27,1,3,9,11,18,24,25,26,27,30,37,39,41,46,55,62,63,65,66,70,72,77
2022-01-31,1,5,14,19,21,24,27,32,33,37,41,42,44,47,49,50,51,55,60,66,68,77
2022-02-03,2,6,7,8,10,16,23,25,26,29,30,31,38,45,48,49,52,61,62,64,71,74
2022-02-07,3,7,12,16,21,23,27,36,38,42,44,45,46,48,51,52,55,61,72,74,75,78
2022-02-10,3,7,15,17,42,44,45,47,50,51,58,61,62,63,67,68,69,72,75,78,79,80
2022-02-14,1,7,18,20,23,27,34,36,40,47,48,52,53,56,57,59,60,65,69,70,73,77
2022-02-17,1,2,6,12,21,29,31,33,34,36,39,40,42,48,51,55,57,59,67,70,77,79
2022-02-21,1,5,8,10,13,16,17,18,25,26,49,50,54,59,64,70,71,75,77,78,79,80
2022-02-24,2,3,4,10,11,18,20,22,23,25,29,32,37,44,46,51,54,55,58,63,71,79
2022-02-28,9,10,20,21,23,27,28,29,36,49,52,56,57,60,63,65,67,68,71,74,78,79
2022-03-03,7,12,15,25,27,29,30,31,32,38,41,47,50,51,55,58,59,63,70,74,77,79
2022-03-07,13,14,15,17,18,21,31,38,39,40,43,44,48,49,54,55,58,60,67,68,75,79
2022-03-10,13,15,24,31,38,40,43,46,50,51,53,56,61,62,63,65,66,68,73,75,77,78
2022-03-14,1,3,4,6,8,9,13,14,17,18,21,24,34,35,37,47,49,65,67,68,73,79
2022-03-17,3,4,8,14,21,25,27,32,47,48,49,51,54,56,57,59,62,64,69,72,78,80
2022-03-21,2,3,8,9,14,19,20,24,27,41,42,44,53,54,56,58,62,64,70,71,73,78
2022-03-24,2,3,9,10,16,19,22,27,30,31,32,36,37,44,47,51,55,57,65,68,69,73
2022-03-28,1,10,17,23,30,36,37,39,44,46,48,50,60,62,63,64,67,70,72,73,78,79
2022-03-31,1,5,10,14,15,16,17,25,26,28,29,30,36,39,52,53,54,64,65,67,72,80
2022-04-04,7,8,12,15,18,25,27,29,40,41,43,44,57,61,62,66,67,70,72,75,79,80
2022-04-07,3,4,6,22,23,25,26,28,29,30,37,38,42,43,51,52,54,55,61,62,65,78
2022-04-11,2,4,5,9,10,19,21,23,28,29,31,43,44,47,48,51,56,66,73,76,79,80
2022-04-14,6,9,12,13,22,26,28,32,37,40,41,44,46,47,52,53,56,57,64,66,68,79
2022-04-18,3,9,14,15,22,26,28,30,34,38,40,44,47,48,50,53,59,60,67,68,72,77
2022-04-21,14,15,22,27,29,39,42,43,44,45,46,47,54,56,58,61,65,70,73,74,79,80
2022-04-25,3,5,7,14,15,16,24,26,28,40,41,43,46,48,49,50,51,56,60,63,74,75
2022-04-28,3,5,8,20,27,35,37,43,44,47,48,50,54,56,57,60,64,68,70,77,78,79
2022-05-02,4,25,29,34,36,37,38,43,48,49,53,58,60,61,63,65,67,68,69,72,75,79
2022-05-05,7,10,13,14,16,18,21,25,31,35,37,38,42,44,48,50,53,57,61,62,66,69
2022-05-09,1,4,10,18,22,28,36,41,44,47,51,52,53,56,57,61,68,71,73,75,77,78
2022-05-12,6,7,9,23,24,30,33,34,38,40,46,48,51,56,59,60,61,67,68,71,78,80
2022-05-16,6,13,15,19,27,28,30,32,34,40,47,49,51,52,54,63,64,65,71,73,77,79
2022-05-19,1,2,5,6,8,11,15,18,25,26,29,32,33,37,47,49,52,57,58,59,73,74
2022-05-23,2,6,10,13,14,16,20,22,28,32,34,35,44,50,54,56,62,67,68,74,76,80
2022-05-26,6,7,12,13,15,16,18,25,28,31,35,41,42,47,51,56,61,64,68,69,70,77
2022-05-30,6,7,12,13,14,17,20,24,33,38,44,47,51,55,58,60,66,68,70,71,74,80
2022-06-02,9,12,15,21,22,24,30,34,40,42,44,46,53,55,56,61,62,64,65,67,71,74
2022-06-06,4,8,11,13,15,23,26,29,30,32,34,36,40,41,52,58,70,74,75,77,78,79
2022-06-09,3,6,10,13,15,18,21,26,27,34,40,41,44,53,57,58,68,69,70,73,74,78
2022-06-13,1,2,6,22,24,27,29,34,36,39,40,41,47,52,56,63,67,68,69,74,75,80
2022-06-16,4,5,12,13,16,17,19,21,22,27,29,31,37,39,47,56,61,63,65,66,73,79
2022-06-20,3,4,8,10,14,16,18,26,27,30,36,40,41,46,47,54,58,69,72,76,78,79
2022-06-23,4,9,11,17,21,23,24,26,27,28,30,31,38,41,42,44,46,50,55,56,69,70
2022-06-27,1,3,9,17,19,25,26,29,35,36,40,44,50,56,58,59,66,68,69,75,77,79
2022-06-30,2,5,6,16,17,27,28,29,31,35,36,42,47,52,53,58,68,69,70,72,75,80
2022-07-04,5,11,13,15,18,20,21,22,28,34,35,36,40,44,47,48,57,60,61,67,70,78
2022-07-07,2,7,14,15,16,21,23,27,31,33,38,44,50,52,54,58,59,64,71,74,75,76
2022-07-11,8,10,12,17,19,21,22,25,27,28,39,42,49,50,51,56,59,61,63,69,73,76
2022-07-14,7,9,10,25,26,27,28,31,34,42,49,50,53,54,57,61,64,67,74,76,77,78
2022-07-18,1,2,3,11,12,13,17,25,27,28,39,40,41,42,43,44,60,70,71,73,74,78
2022-07-21,3,4,6,14,15,18,19,29,40,42,47,48,49,56,65,66,68,74,75,76,77,78
2022-07-25,3,7,9,13,20,23,25,29,30,36,47,50,56,58,60,62,63,66,68,72,73,79
2022-07-28,3,7,10,12,13,27,34,38,41,42,46,47,51,54,57,60,62,66,72,73,74,78
2022-08-01,2,14,16,17,29,31,38,40,41,42,44,47,48,56,57,58,62,64,66,70,75,80
2022-08-04,1,8,13,23,25,27,33,35,37,39,42,46,47,52,59,60,62,70,71,74,75,78
2022-08-08,3,4,12,14,15,17,20,22,25,30,34,41,42,44,52,54,57,60,67,68,71,72
2022-08-11,3,5,9,13,14,16,18,24,36,37,43,45,50,53,56,58,60,64,67,68,72,74
2022-08-15,9,10,16,17,22,27,28,29,33,39,48,49,52,53,58,61,63,66,76,77,78,80
2022-08-18,2,6,10,12,14,16,18,25,27,30,44,45,51,55,58,62,64,69,73,74,78,80
2022-08-22,15,16,26,27,29,31,36,39,47,48,49,50,56,61,66,68,71,72,74,77,78,80
2022-08-25,1,4,6,16,18,19,25,26,29,36,39,42,46,48,56,57,60,63,64,66,69,72
2022-08-29,2,5,9,11,24,25,26,28,29,30,38,39,41,45,46,47,48,49,52,55,57,66
2022-09-01,1,2,3,5,6,9,10,15,20,26,31,34,37,38,40,44,52,53,55,61,66,77
2022-09-05,3,10,15,21,23,28,30,31,37,43,45,46,49,57,58,60,62,69,70,72,74,80
2022-09-08,1,5,15,16,17,19,20,22,23,25,27,33,35,36,42,43,47,58,67,69,70,74
2022-09-12,3,12,13,15,23,27,29,33,36,37,40,42,46,47,48,51,54,63,73,74,78,80
2022-09-15,1,3,6,7,8,10,16,20,21,25,26,31,36,38,40,42,47,56,57,59,66,71
2022-09-19,2,5,16,18,22,23,25,27,31,36,40,45,47,49,52,54,59,63,64,66,69,70
2022-09-22,2,4,5,8,14,17,19,24,25,29,31,38,42,44,48,49,53,55,58,68,76,80
2022-09-26,6,7,11,12,13,15,24,26,29,33,46,47,59,62,63,65,67,68,69,70,71,74
2022-09-29,3,7,9,14,18,20,22,28,30,38,39,43,47,50,53,55,59,62,68,75,76,80
2022-10-03,1,4,6,9,12,16,23,25,28,29,30,49,51,56,57,58,71,74,75,77,78,79
2022-10-06,1,21,22,26,28,30,32,34,38,41,44,47,53,58,59,62,67,69,70,71,73,76
2022-10-10,8,12,13,14,18,23,25,27,29,31,35,40,45,46,48,50,64,67,68,69,70,73
2022-10-13,5,8,14,29,36,37,40,43,45,46,47,49,53,54,66,67,73,74,75,76,77,78
2022-10-17,1,4,6,9,12,20,24,25,27,30,35,39,40,44,51,52,53,60,68,72,78,79
2022-10-20,2,16,22,24,25,26,29,30,32,33,34,43,44,45,47,48,56,62,68,70,79,80
2022-10-24,1,7,10,11,12,13,17,22,28,36,37,41,46,48,55,66,67,71,72,74,79,80
2022-10-27,1,4,7,10,11,13,14,20,21,25,26,27,29,30,31,37,42,48,65,67,73,74
2022-10-31,2,7,8,10,11,16,18,21,29,30,32,33,44,45,54,56,65,70,72,76,79,80
2022-11-03,2,9,12,17,20,28,32,36,38,44,49,51,55,56,60,62,66,68,69,72,76,78
2022-11-07,4,5,18,21,25,27,31,44,47,49,58,60,64,65,68,69,71,72,73,74,75,77
2022-11-10,1,12,17,19,25,26,31,36,39,42,44,46,52,58,59,68,70,73,75,77,78,80
2022-11-14,2,3,9,20,29,30,32,38,40,42,43,44,51,52,61,62,64,65,67,77,78,79
2022-11-17,2,8,18,20,21,22,33,39,40,42,48,50,51,56,57,59,60,63,66,69,71,77
2022-11-21,1,2,3,17,20,27,28,36,42,44,47,49,57,58,60,62,63,65,67,71,77,79
2022-11-24,1,14,21,27,30,31,38,40,41,44,52,53,54,61,64,65,71,73,74,77,78,79
2022-11-28,5,9,22,23,25,26,28,29,30,32,34,43,46,48,52,57,59,61,63,67,78,80
2022-12-01,2,4,7,10,14,16,21,23,29,40,43,45,47,48,50,53,54,59,77,78,79,80
2022-12-05,6,7,8,10,12,22,35,40,49,50,51,52,55,57,60,61,62,66,67,68,75,79
2022-12-08,1,3,5,8,9,10,15,27,32,34,38,43,47,49,52,57,60,64,70,73,74,78
2022-12-12,14,15,19,21,24,26,27,31,33,35,36,47,49,51,57,65,67,68,70,72,75,80
2022-12-15,1,6,10,15,16,17,20,21,23,26,29,30,40,44,45,47,52,54,64,70,71,72
2022-12-19,5,10,12,16,18,31,37,38,41,42,44,46,47,53,55,58,60,62,69,70,76,78
2022-12-22,3,6,8,18,22,27,28,31,39,40,43,47,52,57,58,59,60,61,63,68,73,78
2022-12-26,3,6,9,10,11,22,25,31,37,39,43,48,56,60,66,67,68,70,74,75,77,80
2022-12-29,4,8,9,10,15,19,22,23,24,27,28,31,36,38,39,41,45,50,57,65,71,78
2023-01-02,4,7,8,14,15,20,22,25,39,40,42,46,49,51,52,53,59,65,67,69,71,79
2023-01-05,4,6,7,10,12,13,14,20,28,32,33,36,51,52,54,55,57,60,63,68,76,79
2023-01-09,1,3,5,6,10,12,14,20,28,29,31,34,35,36,37,47,53,54,63,64,71,79
2023-01-12,2,3,4,6,9,11,16,20,27,30,36,40,44,45,47,51,56,63,67,76,77,78
2023-01-16,4,9,15,16,25,27,28,33,34,39,40,42,43,44,50,51,63,65,66,67,68,72
2023-01-19,5,12,14,20,31,37,38,44,47,48,49,50,51,52,57,58,62,65,66,68,69,79
2023-01-23,2,3,5,22,33,40,41,46,47,49,50,51,52,53,55,60,61,66,71,72,73,80
2023-01-26,4,6,7,8,11,16,20,25,26,27,33,40,41,44,53,55,57,61,62,67,69,78
2023-01-30,3,5,8,13,14,15,19,25,28,29,34,37,39,40,44,47,52,53,54,65,69,77
2023-02-02,1,6,11,15,16,21,25,27,30,32,36,41,46,48,49,52,61,66,68,69,70,71
2023-02-06,1,7,12,16,20,29,30,31,35,37,38,49,51,52,56,57,64,70,72,73,74,80
2023-02-09,5,10,16,18,20,24,25,32,37,38,43,44,52,56,59,63,64,66,67,68,71,72
2023-02-13,4,19,22,24,25,28,33,36,40,42,46,51,55,57,59,61,62,65,66,72,73,74
2023-02-16,9,19,21,23,24,30,32,34,36,37,42,44,46,47,48,49,50,67,68,69,71,73
2023-02-20,5,12,13,24,31,32,38,39,44,47,51,53,54,57,59,60,67,68,69,74,77,78
2023-02-23,2,4,6,16,22,23,24,37,38,42,43,44,48,51,57,58,61,66,74,76,78,80
2023-02-27,3,6,7,8,13,20,21,22,23,27,31,32,39,45,46,49,50,58,67,68,70,79
2023-03-02,1,4,14,16,17,24,32,34,36,38,40,56,61,62,67,69,72,73,76,77,78,79
2023-03-06,3,4,9,14,16,22,23,24,25,40,43,44,46,47,49,50,53,58,61,70,72,80
2023-03-09,3,4,11,12,14,15,22,29,31,44,46,47,52,56,60,62,63,64,72,74,75,78
2023-03-13,7,8,13,30,31,32,34,39,42,46,47,51,53,55,57,62,63,64,66,67,69,73
2023-03-16,2,3,4,7,9,14,17,35,38,40,47,53,55,61,63,67,68,69,73,74,79,80
2023-03-20,8,11,14,15,23,26,27,28,44,46,47,49,51,57,58,59,61,62,70,73,75,79
2023-03-23,8,9,13,14,17,20,28,31,34,35,39,43,44,45,47,53,55,56,58,60,63,77
2023-03-27,1,6,27,28,30,31,32,37,40,50,52,53,57,58,60,62,64,65,70,72,73,75
2023-03-30,5,6,26,27,28,30,32,33,36,42,48,54,55,57,61,64,69,72,74,75,78,80
2023-04-03,2,6,16,24,29,30,31,32,34,36,40,46,49,52,54,56,65,68,69,71,75,79
2023-04-06,2,7,10,23,25,28,30,31,36,40,44,45,48,51,52,55,56,60,69,71,75,80
2023-04-10,3,12,15,20,24,30,31,32,33,39,43,47,48,49,54,55,60,63,66,68,71,75
2023-04-13,1,3,4,15,17,25,29,32,37,43,47,49,56,58,60,61,62,70,71,76,78,80
2023-04-17,13,15,22,24,28,32,33,34,40,41,44,47,48,53,54,56,57,69,71,72,75,77
2023-04-20,16,17,18,20,23,24,25,34,35,45,46,47,51,52,53,54,55,70,73,77,78,79
2023-04-24,3,20,23,24,26,28,30,37,40,42,51,53,58,59,60,62,63,67,72,78,79,80
2023-04-27,1,2,3,4,6,9,17,21,25,29,31,34,41,49,50,52,54,57,61,63,70,79
2023-05-01,1,4,7,8,14,17,24,25,27,28,29,31,33,34,37,38,44,51,53,68,70,74
2023-05-04,2,6,12,18,21,25,28,30,31,33,34,36,40,45,47,58,60,63,64,65,71,73
2023-05-08,3,19,21,27,28,30,39,40,45,48,50,52,53,54,58,59,60,63,64,69,75,80
2023-05-11,3,4,11,12,17,18,19,24,31,34,35,37,40,41,42,46,49,54,65,73,78,79
2023-05-15,2,5,10,11,15,16,19,23,26,27,28,31,35,40,42,44,47,53,66,70,72,79
2023-05-18,2,6,8,10,18,22,27,33,38,41,42,45,46,56,59,61,63,66,69,70,71,79
2023-05-22,4,10,17,18,21,27,32,35,36,41,42,43,49,56,61,65,67,70,71,73,75,78
2023-05-25,6,12,16,21,27,30,31,32,37,39,41,43,48,53,54,56,64,67,68,75,78,79
2023-05-29,3,8,10,12,17,18,23,27,29,31,33,37,40,41,42,46,47,53,54,56,63,75
2023-06-01,1,3,6,7,14,16,21,24,27,28,36,37,46,48,53,60,64,65,67,71,79,80
2023-06-05,5,8,10,12,16,27,33,34,39,40,41,42,48,56,60,62,63,65,66,68,71,75
2023-06-08,3,5,6,12,13,21,23,25,42,43,47,50,51,52,53,59,63,66,71,74,77,78
2023-06-12,6,7,8,10,12,19,24,35,37,40,46,48,54,64,65,67,70,72,74,75,77,78
2023-06-15,1,7,8,10,18,20,21,23,24,25,29,30,36,37,38,52,54,55,56,59,72,73
2023-06-19,1,7,8,10,12,21,24,37,40,46,47,48,49,56,57,58,60,71,72,74,78,79
2023-06-22,1,2,9,10,11,18,19,20,22,25,27,30,34,40,41,50,53,60,62,63,73,78
2023-06-26,3,4,6,8,14,18,20,22,27,29,36,38,40,44,50,55,58,67,68,69,70,79
2023-06-29,3,8,9,12,18,27,28,32,39,41,43,45,47,49,51,57,58,59,65,70,72,77
2023-07-03,3,6,18,24,28,29,33,34,35,36,41,47,50,54,55,57,59,60,62,68,74,78
2023-07-06,1,6,13,23,28,30,31,37,38,43,45,48,49,50,53,54,58,59,65,69,71,80
2023-07-10,4,6,9,13,16,27,29,33,34,37,40,42,47,48,52,53,55,59,71,73,77,78
2023-07-13,1,3,6,7,8,13,16,20,22,25,26,34,47,60,61,64,65,66,68,77,79,80
2023-07-17,6,10,12,14,16,18,24,26,28,32,36,43,49,51,53,56,57,59,63,66,69,78
2023-07-20,4,7,15,18,24,25,26,29,33,37,40,43,46,47,53,59,62,68,69,77,78,79
2023-07-24,1,6,8,9,15,20,23,25,28,31,32,36,37,41,45,47,48,50,51,53,60,78
2023-07-27,5,7,14,36,37,43,45,46,48,49,53,54,57,58,59,62,63,69,75,76,78,80
2023-07-31,4,7,12,13,18,20,22,31,33,40,41,47,53,60,62,65,66,67,68,72,79,80
2023-08-03,3,6,7,14,16,21,25,28,30,31,32,42,47,49,51,53,55,58,70,71,73,75
2023-08-07,1,3,16,21,23,30,34,35,45,47,50,53,54,56,57,58,60,62,65,70,75,77
2023-08-10,7,12,17,19,26,28,32,41,45,46,52,53,54,55,57,58,65,67,68,71,74,75
2023-08-14,1,2,3,9,12,13,18,23,31,34,38,39,40,47,48,51,52,53,60,65,71,72
2023-08-17,4,10,13,14,17,21,25,26,32,33,38,44,46,47,53,57,58,67,68,70,74,80
2023-08-21,1,7,8,11,13,24,26,33,41,42,50,54,55,56,58,60,61,64,65,73,74,75
2023-08-24,3,16,17,18,22,30,31,34,36,39,40,42,45,49,55,57,62,64,67,69,75,79
2023-08-28,1,4,5,13,15,16,19,22,23,25,26,32,35,38,41,45,47,53,57,61,65,80
2023-08-31,6,16,17,18,22,25,26,27,35,37,41,45,51,52,56,57,61,62,63,68,69,74
2023-09-04,2,3,5,15,20,21,23,26,32,33,37,40,45,51,57,58,63,65,67,71,74,79
2023-09-07,2,5,12,14,15,16,21,23,25,31,39,40,43,46,48,52,54,64,65,67,75,78
2023-09-11,1,8,10,11,12,13,19,27,29,30,36,44,51,53,58,67,68,69,71,74,75,76
2023-09-14,3,7,11,12,16,24,26,30,37,38,46,47,49,50,51,54,61,62,70,72,77,78
2023-09-18,3,4,6,8,10,23,24,25,28,31,32,36,41,49,50,52,57,58,62,73,74,75
2023-09-21,9,11,15,18,20,29,32,34,36,40,41,47,51,54,61,63,66,68,70,71,72,74
2023-09-25,4,6,7,8,9,14,15,18,25,27,29,30,32,38,44,52,57,59,61,69,70,76
2023-09-28,3,8,9,12,13,14,15,16,20,21,25,34,35,37,41,47,49,53,58,66,70,73
2023-10-02,3,8,9,15,21,23,25,27,35,39,40,41,44,47,48,54,55,61,62,66,68,75
2023-10-05,6,9,10,11,13,14,17,23,26,27,32,46,47,49,52,55,60,62,64,68,69,79
2023-10-09,11,13,18,22,24,33,34,38,39,42,44,45,47,48,51,53,55,57,58,63,72,80
2023-10-12,3,7,9,13,19,23,25,26,28,34,35,36,38,41,45,48,52,55,62,63,68,79
2023-10-16,2,3,8,13,16,17,20,22,35,38,39,41,44,47,49,51,55,56,63,68,73,76
2023-10-19,1,2,6,9,11,13,18,19,22,28,30,33,37,38,40,44,45,49,57,74,75,80
2023-10-23,5,17,18,21,25,26,29,31,33,35,39,40,44,46,47,49,54,57,65,69,71,80
2023-10-26,1,6,9,12,14,16,23,25,29,33,43,44,45,46,48,52,54,59,62,68,69,78
2023-10-30,8,10,13,17,18,19,20,22,23,25,31,38,40,51,56,59,61,66,74,76,78,79
2023-11-02,1,4,6,14,17,19,22,23,26,27,30,32,35,42,44,51,56,59,60,62,74,75
2023-11-06,7,9,19,22,23,25,29,30,32,38,39,43,47,48,57,59,63,66,68,70,72,80
2023-11-09,1,3,6,13,18,20,21,29,30,31,33,36,38,47,49,52,55,60,63,64,65,68
2023-11-13,6,7,11,13,25,28,30,36,37,38,44,45,47,50,51,52,59,60,68,76,77,78
2023-11-16,2,3,12,15,16,17,18,20,26,29,30,34,37,47,54,58,61,62,64,69,75,79
2023-11-20,15,18,21,22,26,29,30,37,43,48,49,51,53,55,57,59,65,68,74,76,79,80
2023-11-23,15,19,20,29,30,32,35,36,44,48,53,58,59,61,62,65,67,70,72,73,74,78
2023-11-27,3,4,13,17,18,25,26,31,33,37,42,43,49,52,55,59,62,64,68,70,77,79
2023-11-30,1,2,9,11,13,19,26,28,29,34,37,38,49,51,56,57,61,63,65,70,73,79
2023-12-04,1,6,10,12,16,22,25,31,34,36,47,50,53,54,56,63,65,66,67,69,70,76
2023-12-07,2,4,6,10,21,25,26,33,34,42,43,44,52,53,55,57,60,65,70,74,78,80
2023-12-11,2,13,16,20,23,30,33,35,39,43,46,48,49,50,52,56,57,64,66,68,70,75
2023-12-14,2,13,14,20,26,29,30,33,42,43,47,49,51,54,58,63,64,66,68,71,72,74
2023-12-18,1,4,7,14,16,23,24,28,42,44,46,48,50,52,54,55,66,70,71,74,77,78
2023-12-21,3,10,11,16,24,25,27,34,37,40,41,44,47,50,54,56,61,64,68,70,72,79
2023-12-25,1,8,9,14,15,16,20,25,30,38,40,44,46,47,48,53,54,56,59,62,64,65
2023-12-28,3,5,9,13,14,20,27,31,35,37,45,48,49,54,55,56,62,66,69,70,72,77
2024-01-01,6,7,10,12,15,16,17,21,23,25,29,33,41,44,48,55,56,59,65,73,75,80
2024-01-04,1,5,12,13,18,21,29,30,31,37,41,43,46,48,50,56,60,69,71,72,77,78
2024-01-08,3,8,9,12,18,19,22,33,35,36,43,44,47,49,50,51,53,55,56,62,78,80
2024-01-11,1,17,19,21,22,24,25,33,37,41,44,47,51,52,54,56,62,73,74,75,79,80
2024-01-15,1,12,15,21,25,26,28,36,39,42,44,45,47,51,53,54,62,64,67,69,78,80
2024-01-18,6,10,12,19,23,24,33,38,40,43,44,46,49,51,52,57,62,64,67,68,70,73
2024-01-22,7,10,12,22,25,26,28,29,32,34,39,41,42,52,53,54,58,59,64,72,78,79
2024-01-25,6,12,16,18,27,30,33,37,40,42,44,45,48,53,55,60,62,65,68,74,75,77
2024-01-29,1,7,8,10,23,30,36,37,43,44,45,49,51,53,56,61,64,66,70,72,73,78
2024-02-01,6,9,14,15,16,17,18,23,24,29,33,37,38,41,48,49,52,60,62,65,79,80
2024-02-05,3,6,7,8,12,22,28,33,34,38,40,45,47,49,52,56,57,60,62,68,69,76
2024-02-08,2,6,7,9,16,17,18,21,24,25,31,43,45,50,51,53,63,66,71,75,79,80
2024-02-12,3,8,9,15,16,17,21,23,24,26,35,36,39,42,46,49,57,61,66,70,71,75
2024-02-15,17,21,22,24,25,26,32,33,34,37,40,42,45,46,47,49,60,66,69,70,77,79
2024-02-19,1,2,4,5,8,12,21,23,25,29,30,33,35,44,48,51,55,58,62,69,76,79
2024-02-22,1,2,4,10,12,15,18,22,30,40,41,42,43,44,49,55,62,66,68,70,74,76
2024-02-26,1,4,6,15,16,23,27,28,29,30,33,34,44,46,47,48,52,57,74,75,76,78
2024-02-29,2,4,10,13,15,17,30,32,33,34,35,47,53,54,56,58,61,64,66,74,75,78
2024-03-04,2,3,8,16,17,18,19,23,30,38,42,44,48,49,51,54,58,69,74,75,76,79
2024-03-07,2,6,7,17,19,27,38,40,41,42,43,47,49,53,61,66,68,69,70,71,73,78
2024-03-11,3,4,21,24,25,26,27,31,33,34,36,37,43,44,47,52,56,58,64,68,72,77
2024-03-14,3,5,6,9,10,12,15,21,25,27,33,34,35,37,39,40,44,51,55,56,62,78
2024-03-18,2,3,9,13,16,19,24,25,31,35,39,42,47,50,53,55,64,68,73,75,79,80
2024-03-21,4,6,9,10,13,17,28,29,30,33,45,46,47,48,51,56,59,70,72,74,78,80
2024-03-25,4,6,9,13,14,17,18,26,34,37,41,42,43,59,60,61,69,71,72,74,77,80
2024-03-28,1,10,12,13,22,26,27,36,37,38,39,40,42,45,50,53,57,59,65,66,70,79
2024-04-01,1,2,19,26,30,34,36,37,40,43,44,47,51,55,58,60,62,67,69,70,72,74
2024-04-04,3,5,6,12,14,15,19,21,28,37,40,44,45,48,49,51,52,59,65,67,71,78
2024-04-08,7,8,12,14,17,20,24,26,32,36,39,41,46,49,50,58,59,61,64,69,70,73
2024-04-11,1,11,14,21,23,24,25,30,33,34,47,49,53,57,59,60,63,65,66,67,69,80
2024-04-15,1,2,14,15,17,24,28,36,38,43,44,47,52,55,60,63,65,68,71,75,77,79
2024-04-18,7,9,12,20,23,30,34,41,44,48,49,50,51,53,54,62,64,66,67,70,71,77
2024-04-22,10,15,16,17,27,29,32,35,38,40,43,44,46,49,52,54,55,61,67,68,75,78
2024-04-25,8,14,18,24,25,26,36,41,43,44,45,48,49,50,53,56,60,64,65,74,77,79
2024-04-29,2,4,10,19,22,24,25,26,32,36,37,38,42,49,54,56,68,71,73,74,77,78
2024-05-02,11,13,23,25,28,29,34,39,40,46,48,53,56,57,58,62,63,64,66,70,74,79
2024-05-06,1,3,6,7,27,32,35,40,41,44,46,47,48,50,56,58,60,65,70,75,78,80
2024-05-09,1,6,8,13,21,22,23,32,37,43,51,52,53,56,59,60,62,66,71,72,73,77
2024-05-13,8,12,15,17,20,22,24,27,28,34,35,49,52,53,55,56,60,68,72,74,75,78
2024-05-16,3,9,10,16,21,24,25,28,29,31,36,37,41,55,56,57,59,61,63,65,77,80
2024-05-20,2,4,5,9,15,20,24,27,31,36,42,46,48,53,60,66,69,70,73,78,79,80
2024-05-23,17,20,28,33,34,36,37,49,51,53,54,55,61,62,66,68,69,72,73,74,78,80
2024-05-27,4,8,10,13,20,22,29,30,35,38,40,41,44,49,50,54,56,60,67,68,72,76
2024-05-30,3,4,12,14,15,19,20,22,25,28,34,36,41,42,47,60,62,63,65,74,75,80
2024-06-03,9,13,15,21,25,28,32,35,38,47,49,50,55,60,64,65,69,70,72,73,75,80
2024-06-06,9,15,17,18,25,38,40,44,47,50,51,52,53,54,56,58,59,62,66,70,74,77
2024-06-10,1,6,9,18,25,29,30,38,43,48,49,52,54,60,62,64,68,69,74,76,77,80
2024-06-13,1,3,4,7,17,18,20,25,27,30,40,47,52,55,57,61,63,67,70,73,75,78
2024-06-17,2,5,8,10,13,20,21,28,29,31,42,43,47,49,55,56,62,66,73,78,79,80
2024-06-20,4,12,23,26,37,38,43,44,46,47,49,51,54,58,60,62,63,70,71,72,76,80
2024-06-24,2,3,6,8,10,17,24,26,31,32,36,39,41,48,50,54,55,64,65,74,77,78
2024-06-27,14,17,21,28,30,31,32,35,36,43,47,49,51,56,57,58,62,63,64,67,73,76
2024-07-01,3,8,14,15,18,19,22,23,24,28,32,33,36,44,48,50,56,59,67,68,73,80
2024-07-04,5,8,13,16,24,30,37,38,43,48,49,54,55,58,60,61,63,67,72,76,79,80
2024-07-08,3,7,12,17,20,31,35,42,43,45,46,48,49,51,56,59,60,65,66,69,73,80
2024-07-11,7,8,14,18,25,27,29,31,33,37,38,49,51,52,53,62,63,64,69,72,76,78
2024-07-15,3,6,10,16,21,22,28,31,33,36,37,44,46,47,51,53,54,61,70,71,75,80
2024-07-18,9,14,15,16,20,24,25,33,34,37,40,41,52,53,59,65,68,73,75,78,79,80
2024-07-22,12,14,15,17,18,25,29,31,37,38,43,44,48,51,53,55,57,61,62,65,68,72
2024-07-25,4,7,14,17,18,19,20,23,25,26,33,34,35,39,48,56,58,62,69,72,77,80
2024-07-29,5,9,19,21,22,24,25,32,33,36,43,47,50,59,63,64,67,70,71,74,77,79
2024-08-01,3,18,21,24,25,32,33,34,36,44,47,49,51,53,57,69,72,74,76,77,78,80
2024-08-05,4,10,14,15,18,21,24,28,31,32,38,41,42,49,51,53,54,60,65,70,74,78
2024-08-08,1,21,24,25,26,28,30,31,32,34,41,44,51,53,58,62,63,66,67,73,74,78
2024-08-12,2,5,6,9,12,14,15,21,26,32,37,38,40,45,46,49,52,53,58,64,70,80
2024-08-15,17,18,26,29,31,32,33,34,38,40,42,44,45,47,48,49,59,62,67,73,74,78
2024-08-19,2,5,8,14,18,19,23,28,33,37,40,45,48,52,55,58,59,60,66,68,72,74
2024-08-22,2,3,6,12,13,18,19,35,36,40,44,48,52,53,57,58,66,69,71,72,74,79
2024-08-26,1,6,11,12,17,25,27,30,38,40,41,44,50,51,52,53,66,70,71,72,74,77
2024-08-29,1,2,9,12,13,14,24,34,43,44,50,51,57,58,60,63,65,72,75,77,78,79
2024-09-02,1,4,8,9,12,13,19,22,23,25,27,31,36,37,38,40,48,50,68,72,77,79
2024-09-05,5,6,8,18,20,22,25,26,27,31,35,42,47,49,53,54,63,64,67,69,71,75
2024-09-09,1,4,9,13,15,20,21,28,36,40,43,47,50,51,53,60,64,65,67,68,70,76
2024-09-12,5,6,7,8,12,13,18,25,30,37,46,51,54,58,61,62,63,67,68,70,72,77
2024-09-16,2,9,13,15,19,20,23,29,34,39,40,43,44,50,52,53,59,62,67,68,70,80
2024-09-19,2,7,9,11,15,24,25,28,29,33,37,40,45,48,50,52,56,57,58,66,70,78
2024-09-23,1,9,11,20,22,27,36,37,38,42,44,49,50,52,54,60,65,66,69,70,74,78
2024-09-26,1,4,6,8,9,14,20,21,25,27,41,48,51,52,58,59,62,63,68,75,78,79
2024-09-30,13,15,16,18,20,24,28,30,33,34,39,40,47,52,61,62,63,66,68,70,74,76
2024-10-03,3,4,13,14,15,21,24,26,27,31,35,37,38,41,47,49,53,62,69,72,73,78
2024-10-07,1,3,6,10,18,27,28,33,35,41,44,52,54,57,59,61,62,63,69,73,75,79
2024-10-10,1,6,8,9,10,14,20,21,22,27,28,36,43,50,51,52,57,58,60,69,72,75
2024-10-14,3,4,9,11,14,19,20,21,22,24,29,32,38,44,45,46,50,60,64,66,71,80
2024-10-17,1,12,15,18,20,21,26,28,29,33,37,46,49,50,55,58,59,64,65,66,68,70
2024-10-21,4,7,16,18,20,21,28,30,39,50,52,53,54,55,60,62,64,68,69,73,74,79
2024-10-24,1,6,10,12,16,17,23,24,25,29,35,42,50,53,54,55,58,59,65,68,70,74
2024-10-28,10,12,17,18,25,27,29,32,37,38,45,49,51,52,54,61,63,65,67,76,79,80
2024-10-31,9,10,12,13,15,16,19,26,27,32,42,44,48,53,55,56,57,63,73,77,78,80
2024-11-04,1,2,5,6,7,10,14,20,36,40,41,44,47,52,57,58,60,61,63,68,74,76
2024-11-07,9,14,15,21,30,33,36,37,40,44,48,49,50,53,54,55,56,57,62,68,73,80
2024-11-11,13,17,22,26,31,34,35,37,43,45,47,48,50,51,57,61,67,73,77,78,79,80
2024-11-14,2,13,15,17,24,25,27,28,37,40,43,46,47,51,60,61,62,64,66,72,75,77
2024-11-18,12,20,21,25,31,32,33,37,39,44,49,53,54,55,57,58,65,66,69,70,78,79
2024-11-21,21,24,26,27,31,33,34,35,40,47,48,49,51,53,54,56,60,64,67,72,74,79
2024-11-25,8,12,13,21,23,24,25,26,33,36,40,47,49,53,62,65,67,69,70,73,75,79
2024-11-28,1,2,4,17,22,23,25,26,27,29,32,33,37,38,43,44,46,47,53,72,77,79
2024-12-02,1,4,5,8,13,14,15,20,25,27,28,32,34,35,38,39,40,52,55,56,65,80
2024-12-05,2,4,9,12,13,14,19,20,26,27,28,30,32,36,53,67,68,69,72,74,75,80
2024-12-09,4,9,13,15,18,20,23,28,32,34,36,44,47,49,60,63,65,68,69,70,72,77
2024-12-12,6,7,12,20,24,25,27,30,32,34,38,40,43,49,50,54,55,56,63,73,78,79
2024-12-16,3,10,15,21,22,25,30,33,37,38,41,42,43,44,54,55,58,66,69,70,74,78
2024-12-19,1,2,6,9,12,13,14,19,20,25,32,40,48,52,53,61,64,65,66,67,75,79
2024-12-23,1,9,13,15,22,23,25,26,36,37,44,45,46,47,58,61,62,69,71,72,78,80
2024-12-26,3,5,8,14,20,23,24,31,33,37,44,49,51,53,61,68,70,73,75,76,78,80
2024-12-30,8,14,22,25,28,31,35,37,38,40,42,43,45,49,54,57,59,64,67,72,75,77
2025-01-02,1,3,4,5,9,13,14,15,22,24,26,27,37,38,44,52,55,58,63,65,68,74
2025-01-06,2,6,8,9,10,17,22,26,30,31,32,35,36,38,39,42,44,52,53,57,63,65
2025-01-09,2,3,9,13,14,21,22,23,30,36,38,40,44,47,53,57,61,62,63,65,70,75
2025-01-13,4,7,21,22,25,28,31,34,41,42,45,48,55,60,61,67,70,71,72,76,78,79
2025-01-16,6,8,10,14,15,17,21,34,35,40,43,44,45,46,47,52,55,56,66,72,75,78
2025-01-20,1,2,3,6,9,10,22,23,31,38,43,48,51,58,63,65,68,72,74,75,76,78
2025-01-23,3,5,6,7,8,19,23,25,26,27,39,43,50,65,66,67,71,72,74,75,78,79
2025-01-27,7,15,17,21,23,29,34,37,40,41,44,52,55,56,57,62,64,66,70,76,78,79
2025-01-30,3,6,7,9,15,16,27,28,31,38,41,44,45,52,58,59,60,61,71,73,78,79
2025-02-03,4,14,15,18,22,24,25,28,29,30,35,36,38,47,53,58,65,69,76,78,79,80
2025-02-06,3,5,9,11,12,18,28,31,37,39,41,43,44,46,51,53,61,63,64,69,70,79
2025-02-10,9,12,15,17,19,21,25,29,33,34,35,37,38,40,47,51,53,56,60,65,68,74
2025-02-13,3,11,13,14,15,21,29,31,38,43,45,50,52,55,61,66,68,69,70,73,74,79
2025-02-17,5,13,18,19,20,21,22,24,26,28,32,41,51,52,59,61,63,65,67,69,70,80
2025-02-20,3,6,10,16,23,41,48,49,50,52,53,55,56,59,60,63,64,70,71,74,79,80
2025-02-24,2,7,9,10,12,15,21,23,26,38,47,48,55,59,60,67,68,71,72,74,77,79
2025-02-27,6,8,9,11,12,14,20,25,26,28,31,33,34,39,44,46,50,53,57,60,66,70
2025-03-03,2,4,13,14,20,21,32,35,39,44,45,47,48,51,52,53,59,61,76,77,78,79
2025-03-06,5,7,13,15,18,22,25,27,29,33,49,51,53,54,55,63,65,66,67,68,76,80
2025-03-10,3,8,12,17,18,26,30,32,33,40,41,43,44,49,50,63,64,68,69,70,71,80
2025-03-13,1,2,4,8,12,13,21,25,26,31,35,38,39,41,44,49,52,57,68,73,78,80
2025-03-17,1,4,6,15,24,32,38,40,42,48,53,55,57,58,60,62,64,65,67,72,74,79
2025-03-20,2,7,8,21,25,27,33,34,37,39,41,43,44,48,50,56,60,67,73,74,76,80
2025-03-24,8,9,13,15,16,18,20,21,26,37,41,44,45,47,50,54,57,59,65,66,69,70
2025-03-27,3,5,6,8,12,17,18,21,25,31,32,34,43,44,45,54,55,62,63,68,74,79
2025-03-31,4,9,14,19,24,31,33,35,37,40,44,45,47,49,59,61,62,63,77,78,79,80
2025-04-03,3,4,12,22,24,27,28,29,31,38,39,42,52,53,60,64,67,69,71,73,79,80
2025-04-07,1,2,6,9,12,17,21,22,23,27,36,37,40,44,50,54,55,58,59,66,73,79
2025-04-10,2,4,10,12,17,18,21,23,25,26,28,29,34,36,37,41,46,54,56,59,67,77
2025-04-14,2,3,8,17,18,21,25,26,34,36,43,47,49,51,52,57,63,67,74,75,78,79
2025-04-17,1,2,4,7,9,16,27,28,30,32,33,34,36,39,42,43,45,46,53,58,66,71
2025-04-21,3,4,9,16,18,29,30,34,44,50,52,57,59,60,64,68,69,70,71,72,74,76
2025-04-24,1,4,5,6,12,20,21,23,29,33,35,39,41,42,43,51,52,53,56,57,71,72
2025-04-28,4,8,9,21,26,28,30,31,33,35,40,44,48,54,61,62,64,70,72,73,74,78
2025-05-01,3,10,14,24,25,34,35,37,41,42,49,50,52,53,59,60,69,70,71,72,76,79
2025-05-05,10,17,19,21,24,27,28,31,32,36,39,40,47,49,53,55,61,67,69,71,73,79
2025-05-08,1,6,7,11,16,23,25,26,27,28,33,40,42,49,54,55,60,64,69,71,72,73
2025-05-12,2,3,4,7,15,20,26,28,38,40,41,42,49,53,55,57,62,63,69,70,74,78
2025-05-15,8,10,13,14,25,29,30,32,33,35,42,44,51,54,56,60,62,70,73,74,79,80
2025-05-19,5,20,22,25,37,40,44,45,46,47,50,51,52,55,57,62,66,71,72,74,79,80
2025-05-22,2,7,12,14,19,20,21,23,26,30,33,36,40,53,59,61,63,65,70,71,74,75
2025-05-26,2,3,9,10,12,13,17,19,25,32,41,43,46,47,49,50,56,58,59,70,74,80
2025-05-29,1,2,4,6,15,17,18,19,24,25,26,27,33,36,38,41,42,50,60,66,75,80
2025-06-02,4,11,15,20,25,26,28,34,40,43,45,46,47,49,50,56,60,65,70,71,75,80
2025-06-05,1,2,5,12,21,23,25,29,41,42,51,53,54,58,62,63,64,68,70,77,78,80
2025-06-09,6,8,18,23,24,26,28,32,42,44,49,50,53,59,60,62,64,66,68,76,78,80
2025-06-12,1,2,3,5,6,12,15,17,19,27,30,31,37,53,56,58,63,68,69,70,74,79
2025-06-16,9,13,15,16,20,21,26,34,39,40,41,43,44,45,50,60,66,68,69,71,73,78
2025-06-19,1,9,12,19,23,25,26,37,40,43,45,49,51,53,58,61,62,66,70,71,74,75
2025-06-23,4,12,13,16,17,18,21,25,26,27,29,32,36,38,50,51,52,58,63,64,73,76
2025-06-26,3,5,9,10,13,15,20,23,25,27,37,42,43,45,50,52,55,64,67,68,69,79
2025-06-30,3,6,12,13,15,23,24,28,31,36,40,41,43,51,53,56,58,59,63,64,70,75
2025-07-03,6,11,13,17,18,25,26,34,36,37,40,44,49,53,54,59,60,62,68,70,74,77
2025-07-07,3,10,14,15,20,21,22,23,29,30,48,52,53,54,62,68,69,70,71,72,74,79
2025-07-10,2,7,8,9,15,23,29,32,33,34,36,37,45,49,51,54,55,56,66,68,72,79
2025-07-14,2,6,12,14,15,16,17,19,23,25,29,36,46,48,49,50,66,67,68,69,70,71
2025-07-17,2,3,6,14,15,20,24,26,28,34,40,44,45,51,54,58,62,65,67,69,70,75
2025-07-21,1,7,8,14,17,20,21,36,44,46,47,54,56,57,62,63,64,66,68,71,72,79
2025-07-24,2,3,12,14,17,21,23,24,25,36,38,44,47,51,60,61,62,64,70,71,73,76
2025-07-28,4,7,9,10,13,23,25,30,31,34,41,43,49,51,54,55,60,62,66,69,78,79
2025-07-31,3,5,17,24,26,28,29,31,32,33,34,38,47,50,51,55,56,63,67,68,69,78
2025-08-04,4,15,17,23,24,26,28,30,34,36,37,43,44,45,49,54,57,63,66,68,70,78
2025-08-07,1,2,3,4,6,7,10,12,21,27,37,41,44,48,50,55,59,65,68,72,78,80
2025-08-11,1,6,7,8,11,18,20,21,25,28,32,34,36,37,40,43,57,62,66,69,75,76
2025-08-14,3,7,8,12,19,22,25,31,33,34,35,41,43,47,52,56,57,60,61,65,71,73
2025-08-18,8,9,10,11,16,24,25,27,33,43,44,46,47,53,54,55,58,59,67,68,69,77
2025-08-21,1,6,8,9,18,28,29,30,32,35,36,37,40,41,45,49,50,59,70,74,75,79
2025-08-25,6,9,23,27,29,41,47,48,49,53,57,59,60,61,62,66,68,70,72,78,79,80
2025-08-28,2,9,11,12,14,26,40,41,43,46,48,49,54,60,61,66,69,71,72,75,77,80
2025-09-01,5,7,8,9,10,12,15,20,23,36,38,41,44,45,49,51,53,61,67,69,72,79
2025-09-04,2,3,4,18,19,20,25,28,30,35,40,42,43,44,45,46,51,55,59,67,71,79
2025-09-08,4,11,12,14,15,32,34,38,40,45,51,53,56,61,62,66,68,70,74,75,78,79
2025-09-11,2,4,8,11,13,20,21,26,27,33,35,41,48,50,51,57,67,73,76,77,79,80
2025-09-15,3,10,18,23,25,29,30,33,41,42,44,46,47,50,54,59,60,62,68,77,79,80
2025-09-18,1,2,4,6,12,25,26,27,33,36,37,41,47,49,52,57,59,64,70,73,77,79
2025-09-22,9,10,12,16,23,27,29,34,37,38,40,41,43,48,51,53,54,58,67,70,74,75
2025-09-25,3,7,8,9,20,21,22,31,32,33,37,40,45,48,49,58,60,61,62,68,74,75
2025-09-29,2,4,5,15,16,17,18,22,24,28,31,46,47,48,49,50,54,58,61,62,73,78
2025-10-02,1,6,16,20,23,24,25,46,48,50,51,53,54,56,65,66,68,70,71,75,79,80
2025-10-06,5,9,12,17,30,32,33,41,44,46,47,51,53,57,58,63,66,70,72,74,79,80
2025-10-09,3,8,10,13,15,26,28,29,33,36,40,44,46,54,56,57,65,67,71,74,77,78
2025-10-13,1,4,9,10,12,13,14,20,23,34,36,37,41,47,50,51,64,67,68,72,75,77
2025-10-16,3,4,6,8,12,23,24,28,30,47,51,52,53,65,66,67,68,69,70,71,72,76
2025-10-20,4,15,19,21,23,25,30,40,42,44,45,46,47,48,50,52,53,61,70,71,73,78
2025-10-23,17,18,23,24,26,27,29,32,33,34,36,38,44,47,48,52,53,54,56,63,65,67
2025-10-27,7,8,9,10,20,21,26,32,38,40,41,44,45,48,51,53,55,56,68,76,78,79
2025-10-30,10,13,14,17,18,19,20,23,26,30,31,34,46,48,51,60,69,70,71,73,74,77
2025-11-03,1,3,4,8,12,14,16,18,21,24,28,29,30,33,37,43,46,47,51,55,57,62
2025-11-06,3,8,11,15,17,20,23,24,26,27,30,31,34,38,45,47,54,56,62,65,68,72
2025-11-10,7,12,14,17,19,22,23,25,27,31,32,34,35,46,53,56,60,63,64,67,72,73
2025-11-13,2,5,12,13,21,23,27,28,29,32,38,42,43,44,51,55,60,69,71,76,77,78
2025-11-17,1,6,7,14,15,20,24,27,28,30,39,45,46,49,52,59,63,68,71,77,78,80
2025-11-20,2,7,24,26,31,33,35,40,41,43,44,47,49,52,55,60,61,68,70,74,75,77
2025-11-24,4,5,9,10,12,13,17,18,33,34,36,39,40,47,55,57,58,60,62,66,75,77
2025-11-27,3,8,23,26,28,29,30,31,42,47,49,50,52,53,54,61,68,69,73,76,77,79
2025-12-01,7,11,21,22,24,26,28,29,31,38,40,41,42,45,50,53,57,58,64,65,72,73
2025-12-04,1,3,9,24,25,26,33,40,42,43,44,47,49,51,52,54,63,68,72,76,78,80
2025-12-08,2,6,10,13,14,15,21,22,27,29,30,31,45,48,53,58,59,61,66,67,72,79
2025-12-11,1,2,4,6,9,10,13,18,20,21,25,29,30,42,48,49,52,54,71,75,77,80
2025-12-15,1,5,9,10,17,19,25,27,28,29,41,46,48,49,50,53,59,63,73,76,77,78
2025-12-18,5,12,15,18,20,25,29,36,38,39,41,43,48,49,53,59,60,61,63,69,70,80
2025-12-22,2,4,12,14,17,20,21,22,23,28,36,37,38,40,43,47,48,57,60,64,73,79
2025-12-25,6,21,23,26,38,41,42,44,46,47,49,58,59,60,67,69,70,71,73,76,77,79
2025-12-29,3,4,8,13,14,15,16,19,21,28,42,43,44,53,54,61,63,66,68,75,77,78
2026-01-01,9,12,14,16,18,19,25,28,30,35,36,42,49,52,54,64,66,69,70,71,75,78
2026-01-05,1,2,5,10,16,20,21,22,24,26,31,33,45,47,50,53,57,60,67,68,69,73
2026-01-08,1,3,4,5,9,21,22,25,33,34,47,49,50,52,55,60,63,67,68,69,75,78
2026-01-12,1,11,18,23,27,28,35,36,47,48,52,56,61,63,66,67,70,71,72,73,75,78
2026-01-15,6,9,11,13,15,22,29,34,38,40,44,49,57,61,66,68,69,70,71,73,75,79
2026-01-19,3,4,6,7,11,15,19,32,34,36,40,42,43,44,50,56,63,64,66,70,71,76
2026-01-22,1,3,6,9,10,14,19,25,27,30,42,44,48,53,58,59,64,65,72,77,79,80
2026-01-26,3,4,16,19,23,28,32,34,41,44,46,47,48,51,58,64,67,68,70,77,79,80
2026-01-29,1,4,16,17,18,20,22,32,34,36,40,43,49,52,54,59,60,66,70,72,73,74
2026-02-02,3,4,8,13,14,15,18,21,22,27,28,34,38,42,46,57,62,66,70,73,76,77
2026-02-05,1,4,6,8,9,10,17,19,20,23,24,40,47,49,50,55,56,59,60,61,72,79
2026-02-09,2,4,11,22,24,26,27,28,29,30,35,36,37,38,40,43,47,48,51,65,73,76
2026-02-12,1,8,11,18,20,25,27,29,32,40,47,49,50,52,56,61,63,64,65,67,71,74
2026-02-16,2,4,5,7,9,14,18,19,25,28,33,36,41,52,58,60,66,67,68,71,77,79
2026-02-19,1,8,9,11,12,19,20,26,29,32,33,36,38,43,54,57,62,64,66,72,73,77
2026-02-23,13,18,24,27,29,30,34,36,38,39,40,43,44,47,50,51,53,64,66,70,75,79
2026-02-26,1,3,4,9,11,13,14,16,17,24,26,37,44,49,50,53,56,57,58,68,79,80
2026-03-02,2,4,7,9,14,25,27,33,43,44,46,48,49,51,54,55,60,61,63,68,70,80
2026-03-05,3,5,18,20,25,26,28,30,31,36,40,42,45,46,54,58,60,62,63,67,78,80
2026-03-09,1,3,4,5,14,16,27,30,31,32,42,44,48,49,50,53,60,61,64,66,68,75
2026-03-12,3,4,5,7,8,12,15,35,36,41,42,47,53,57,59,64,70,71,72,74,78,80
2026-03-16,1,2,4,5,9,10,19,33,34,37,38,40,43,44,46,48,54,67,71,76,77,78
2026-03-19,3,4,5,7,18,19,20,25,28,31,40,43,44,45,46,49,53,66,71,72,74,76
2026-03-23,1,4,7,8,9,10,14,19,20,21,24,29,33,35,39,44,54,60,61,66,72,79
2026-03-26,2,3,4,10,15,17,22,23,25,29,32,35,36,41,42,47,48,53,59,60,64,73
2026-03-30,2,3,4,16,18,19,26,27,31,33,37,39,41,43,47,61,70,71,73,75,78,80
2026-04-02,12,13,14,20,23,24,25,31,45,47,49,50,51,54,58,61,63,70,72,74,77,78
2026-04-06,2,10,19,21,23,24,25,32,33,35,36,42,46,51,58,66,67,68,75,76,78,80
2026-04-09,2,8,24,27,35,36,38,39,40,41,42,44,48,50,54,59,61,62,66,68,73,76
2026-04-13,6,12,13,15,17,19,22,26,39,47,51,60,63,64,66,67,70,72,73,74,77,79
2026-04-16,1,2,15,17,35,36,41,43,46,50,51,52,54,57,61,64,65,67,68,70,74,78
2026-04-20,10,12,17,18,25,30,36,38,39,47,50,51,52,53,54,56,62,64,70,71,74,80
2026-04-23,9,11,13,14,16,18,24,29,32,33,35,36,37,44,51,53,54,56,57,58,65,79
2026-04-27,2,4,7,8,9,14,15,17,20,21,24,29,45,46,47,49,51,53,55,63,66,68
2026-04-30,2,13,15,22,29,33,36,41,42,43,44,48,51,52,54,58,62,66,70,76,77,80
2026-05-04,6,7,9,14,15,16,18,24,25,26,30,37,44,49,51,59,60,64,65,68,75,80
2026-05-07,9,13,17,20,22,25,26,29,30,43,44,45,46,47,53,54,60,63,67,68,79,80
2026-05-11,4,5,12,14,15,23,29,33,35,36,37,41,44,52,56,62,68,69,73,75,76,78
2026-05-14,2,10,12,13,14,25,31,32,43,47,48,51,52,53,54,56,60,67,73,75,79,80
2026-05-18,17,21,25,27,29,31,36,40,42,46,47,49,51,53,54,55,60,62,68,71,72,80
2026-05-21,8,10,12,13,15,16,17,18,20,25,26,29,35,49,52,54,55,58,59,66,70,76
2026-05-25,3,11,12,16,20,21,25,31,33,35,36,38,45,47,52,54,56,57,58,66,70,78
2026-05-28,1,8,10,13,30,32,34,38,41,47,48,50,53,54,56,62,63,66,75,77,78,80
2026-06-01,1,3,12,14,17,24,27,30,31,37,38,43,46,48,51,57,58,60,63,66,72,79
2026-06-04,7,12,25,29,32,35,36,40,47,50,51,58,60,63,64,67,68,69,72,73,74,75
2026-06-08,1,4,7,13,15,18,22,29,30,34,39,46,48,50,53,54,62,65,68,70,74,78
2026-06-11,1,3,4,5,8,15,18,20,23,24,26,30,43,46,47,51,55,56,60,62,67,73
2026-06-15,3,7,12,13,17,26,30,31,34,41,42,44,47,50,52,60,62,63,72,76,77,78
2026-06-18,1,10,15,20,26,27,30,32,35,38,39,40,48,49,51,55,66,70,71,75,76,79
2026-06-22,2,4,10,14,16,17,18,21,22,25,26,28,29,35,37,46,48,52,59,66,72,78
2026-06-25,1,3,10,14,21,23,28,30,34,38,48,53,57,58,59,65,66,68,69,71,75,79
2026-06-29,3,10,12,15,19,26,27,28,29,30,31,33,34,41,47,53,58,61,63,68,75,78
2026-07-02,4,12,15,19,25,27,33,35,40,42,47,48,53,55,58,59,61,62,67,69,70,72
2026-07-06,2,9,14,16,27,29,34,37,43,44,46,47,49,54,56,60,64,68,70,71,79,80
2026-07-09,4,7,17,18,20,22,26,28,33,34,35,40,42,45,47,51,58,61,63,69,75,78
2026-07-13,2,10,15,16,17,20,23,28,29,36,41,42,47,48,49,51,53,54,56,66,69,79
2026-07-16,6,7,10,16,19,21,24,30,31,33,35,37,38,43,44,48,53,54,55,63,75,78
2026-07-20,7,8,15,16,19,23,25,28,29,30,33,36,38,41,44,47,53,55,59,78,79,80
2026-07-23,1,2,12,18,22,29,38,40,42,45,49,53,55,56,58,60,63,70,72,74,77,80
2026-07-27,2,5,6,8,9,15,17,19,23,25,28,40,44,47,51,54,58,63,68,71,74,77
2026-07-30,3,7,13,15,16,17,24,33,36,38,40,47,50,56,62,65,66,69,73,75,77,78
2026-08-03,3,10,11,14,18,23,26,31,33,40,43,49,57,58,61,67,69,70,72,77,78,80
2026-08-06,3,9,10,11,17,18,26,27,28,29,32,38,41,42,46,47,49,50,63,65,73,78
2026-08-10,1,2,5,9,12,15,18,21,26,27,33,34,36,41,46,47,50,53,66,70,74,78
2026-08-13,1,5,11,13,15,17,23,26,30,33,34,48,49,53,56,58,59,60,64,72,77,79
2026-08-17,2,7,12,13,24,29,33,34,40,47,48,52,53,54,59,61,62,64,66,69,70,76
2026-08-20,3,4,5,6,7,10,17,23,27,28,30,33,34,36,39,46,48,51,55,57,59,80
2026-08-24,1,4,10,16,18,19,24,28,30,31,33,38,40,48,55,56,59,64,67,68,78,80
2026-08-27,1,5,7,11,14,15,16,17,18,36,43,49,50,53,55,57,64,68,70,75,76,79
2026-08-31,3,6,9,12,15,22,36,38,39,41,44,45,49,57,59,67,68,69,73,74,76,78
2026-09-03,1,7,10,12,13,17,23,27,35,46,48,49,53,58,62,66,67,69,70,75,78,79
2026-09-07,2,6,10,11,19,21,25,28,29,32,35,38,43,44,45,46,58,61,65,75,77,79
2026-09-10,8,11,17,24,25,31,33,38,40,44,47,51,56,58,60,62,66,67,68,72,73,78
2026-09-14,6,9,12,17,21,23,25,27,35,36,38,41,44,47,48,56,59,61,65,68,76,79
2026-09-17,1,2,6,9,12,17,19,35,36,37,47,49,54,57,60,63,66,68,73,74,75,80
2026-09-21,2,6,12,14,17,19,20,28,39,54,55,57,58,60,61,63,64,65,73,74,75,79
2026-09-24,3,6,10,13,15,17,23,29,33,34,44,49,50,51,52,53,60,65,67,72,73,75
2026-09-28,1,8,12,18,25,26,31,33,35,41,43,48,49,52,53,59,60,62,63,68,70,78
2026-10-01,1,3,6,15,17,20,29,30,33,37,40,47,49,52,55,57,63,69,71,72,74,78
2026-10-05,1,3,4,14,17,26,27,33,35,42,46,47,48,52,53,54,58,62,68,77,78,79
2026-10-08,1,4,13,23,26,28,31,33,37,38,41,42,46,51,52,55,56,66,67,73,74,75
2026-10-12,5,8,12,14,18,19,24,33,34,39,48,53,55,56,58,60,61,62,69,71,72,75
2026-10-15,3,4,6,16,20,22,23,24,26,32,33,34,35,36,50,57,59,62,65,66,70,73
2026-10-19,3,5,6,9,12,17,18,23,30,32,35,42,48,51,58,64,66,70,73,75,79,80
2026-10-22,1,2,7,10,12,13,22,28,31,32,40,41,42,43,44,45,50,51,52,53,59,60
2026-10-26,1,2,3,7,8,9,10,12,13,25,29,31,32,37,39,40,41,62,64,66,70,71
2026-10-29,3,5,6,11,14,16,17,32,33,38,43,48,51,52,53,54,56,59,68,71,73,75
2026-11-02,1,6,7,9,14,21,36,37,41,47,48,50,51,52,53,57,58,61,68,73,74,78
2026-11-05,1,6,10,12,14,21,23,24,25,38,39,44,46,47,49,54,57,69,70,71,75,77
2026-11-09,3,4,8,9,12,14,17,19,20,21,22,25,34,36,43,45,47,49,50,54,58,62
2026-11-12,3,12,13,14,25,26,28,32,34,36,37,40,44,53,56,59,62,64,68,70,77,80
2026-11-16,3,6,12,16,17,18,24,25,28,33,36,38,40,49,51,53,58,61,73,78,79,80
2026-11-19,1,9,17,19,26,28,33,34,46,48,50,54,56,57,58,62,64,68,70,71,77,80
2026-11-23,3,4,8,18,26,29,33,36,40,43,44,46,48,50,54,55,61,63,70,72,73,79
2026-11-26,8,10,14,16,21,22,23,28,30,31,33,50,51,52,55,60,61,62,68,74,75,79
2026-11-30,2,3,12,25,29,30,32,34,36,40,41,47,48,51,53,55,58,66,69,71,75,76
2026-12-03,3,4,9,13,14,16,21,23,28,29,30,44,50,51,58,60,61,63,64,67,68,79
2026-12-07,6,7,8,11,17,21,23,28,30,33,34,40,46,48,53,54,59,63,64,74,78,79
2026-12-10,2,6,10,11,12,14,16,30,37,46,49,54,56,58,59,61,67,70,72,74,78,80
2026-12-14,2,4,5,7,9,14,17,21,35,42,49,50,52,58,60,62,65,69,70,72,75,79
2026-12-17,3,7,8,10,11,15,16,17,21,22,28,31,33,38,40,47,53,62,70,73,78,80
2026-12-21,1,4,8,11,12,13,15,16,17,29,34,35,37,41,42,62,63,64,66,69,70,71
2026-12-24,2,3,6,15,21,25,26,27,30,38,39,43,47,51,61,62,64,66,70,71,72,77
2026-12-28,1,6,9,16,17,19,22,27,30,34,37,42,46,50,52,56,63,72,74,75,78,79
2026-12-31,3,4,14,15,22,26,27,29,36,37,47,49,50,54,57,60,62,68,69,73,75,78
